NIS code;Postcode;Gemeente;Resoc/streek;Arrondissement;Provincie;Gewest
00000;0000;Buiten Vlaanderen;Buiten Vlaanderen;Buiten Vlaanderen;Buiten Vlaanderen;Buiten Vlaanderen
11001;2630;Aartselaar;Resoc Antwerpen;Antwerpen;Provincie Antwerpen;Vlaams Gewest
11002;2000;Antwerpen;Resoc Antwerpen;Antwerpen;Provincie Antwerpen;Vlaams Gewest
11002;2018;Antwerpen;Resoc Antwerpen;Antwerpen;Provincie Antwerpen;Vlaams Gewest
11002;2020;Antwerpen;Resoc Antwerpen;Antwerpen;Provincie Antwerpen;Vlaams Gewest
11002;2030;Antwerpen;Resoc Antwerpen;Antwerpen;Provincie Antwerpen;Vlaams Gewest
11002;2040;Antwerpen;Resoc Antwerpen;Antwerpen;Provincie Antwerpen;Vlaams Gewest
11002;2050;Antwerpen;Resoc Antwerpen;Antwerpen;Provincie Antwerpen;Vlaams Gewest
11002;2060;Antwerpen;Resoc Antwerpen;Antwerpen;Provincie Antwerpen;Vlaams Gewest
11002;2100;Antwerpen;Resoc Antwerpen;Antwerpen;Provincie Antwerpen;Vlaams Gewest
11002;2140;Antwerpen;Resoc Antwerpen;Antwerpen;Provincie Antwerpen;Vlaams Gewest
11002;2170;Antwerpen;Resoc Antwerpen;Antwerpen;Provincie Antwerpen;Vlaams Gewest
11002;2180;Antwerpen;Resoc Antwerpen;Antwerpen;Provincie Antwerpen;Vlaams Gewest
11002;2600;Antwerpen;Resoc Antwerpen;Antwerpen;Provincie Antwerpen;Vlaams Gewest
11002;2610;Antwerpen;Resoc Antwerpen;Antwerpen;Provincie Antwerpen;Vlaams Gewest
11002;2660;Antwerpen;Resoc Antwerpen;Antwerpen;Provincie Antwerpen;Vlaams Gewest
11004;2530;Boechout;Resoc Antwerpen;Antwerpen;Provincie Antwerpen;Vlaams Gewest
11004;2531;Boechout;Resoc Antwerpen;Antwerpen;Provincie Antwerpen;Vlaams Gewest
11005;2850;Boom;Resoc Antwerpen;Antwerpen;Provincie Antwerpen;Vlaams Gewest
11007;2150;Borsbeek;Resoc Antwerpen;Antwerpen;Provincie Antwerpen;Vlaams Gewest
11008;2930;Brasschaat;Resoc Antwerpen;Antwerpen;Provincie Antwerpen;Vlaams Gewest
11009;2960;Brecht;Resoc Antwerpen;Antwerpen;Provincie Antwerpen;Vlaams Gewest
11013;2650;Edegem;Resoc Antwerpen;Antwerpen;Provincie Antwerpen;Vlaams Gewest
11016;2910;Essen;Resoc Antwerpen;Antwerpen;Provincie Antwerpen;Vlaams Gewest
11018;2620;Hemiksem;Resoc Antwerpen;Antwerpen;Provincie Antwerpen;Vlaams Gewest
11021;2540;Hove;Resoc Antwerpen;Antwerpen;Provincie Antwerpen;Vlaams Gewest
11022;2920;Kalmthout;Resoc Antwerpen;Antwerpen;Provincie Antwerpen;Vlaams Gewest
11023;2950;Kapellen;Resoc Antwerpen;Antwerpen;Provincie Antwerpen;Vlaams Gewest
11024;2550;Kontich;Resoc Antwerpen;Antwerpen;Provincie Antwerpen;Vlaams Gewest
11025;2547;Lint;Resoc Antwerpen;Antwerpen;Provincie Antwerpen;Vlaams Gewest
11029;2640;Mortsel;Resoc Antwerpen;Antwerpen;Provincie Antwerpen;Vlaams Gewest
11030;2845;Niel;Resoc Antwerpen;Antwerpen;Provincie Antwerpen;Vlaams Gewest
11035;2520;Ranst;Resoc Antwerpen;Antwerpen;Provincie Antwerpen;Vlaams Gewest
11037;2840;Rumst;Resoc Antwerpen;Antwerpen;Provincie Antwerpen;Vlaams Gewest
11038;2627;Schelle;Resoc Antwerpen;Antwerpen;Provincie Antwerpen;Vlaams Gewest
11039;2970;Schilde;Resoc Antwerpen;Antwerpen;Provincie Antwerpen;Vlaams Gewest
11040;2900;Schoten;Resoc Antwerpen;Antwerpen;Provincie Antwerpen;Vlaams Gewest
11044;2940;Stabroek;Resoc Antwerpen;Antwerpen;Provincie Antwerpen;Vlaams Gewest
11050;2110;Wijnegem;Resoc Antwerpen;Antwerpen;Provincie Antwerpen;Vlaams Gewest
11052;2160;Wommelgem;Resoc Antwerpen;Antwerpen;Provincie Antwerpen;Vlaams Gewest
11053;2990;Wuustwezel;Resoc Antwerpen;Antwerpen;Provincie Antwerpen;Vlaams Gewest
11054;2240;Zandhoven;Resoc Antwerpen;Antwerpen;Provincie Antwerpen;Vlaams Gewest
11054;2242;Zandhoven;Resoc Antwerpen;Antwerpen;Provincie Antwerpen;Vlaams Gewest
11054;2243;Zandhoven;Resoc Antwerpen;Antwerpen;Provincie Antwerpen;Vlaams Gewest
11055;2980;Zoersel;Resoc Antwerpen;Antwerpen;Provincie Antwerpen;Vlaams Gewest
11056;2070;Zwijndrecht;Resoc Antwerpen;Antwerpen;Provincie Antwerpen;Vlaams Gewest
11057;2390;Malle;Resoc Antwerpen;Antwerpen;Provincie Antwerpen;Vlaams Gewest
12002;2590;Berlaar;Resoc Mechelen;Mechelen;Provincie Antwerpen;Vlaams Gewest
12005;2820;Bonheiden;Resoc Mechelen;Mechelen;Provincie Antwerpen;Vlaams Gewest
12007;2880;Bornem;Resoc Mechelen;Mechelen;Provincie Antwerpen;Vlaams Gewest
12009;2570;Duffel;Resoc Mechelen;Mechelen;Provincie Antwerpen;Vlaams Gewest
12014;2220;Heist-Op-Den-Berg;Resoc Mechelen;Mechelen;Provincie Antwerpen;Vlaams Gewest
12014;2221;Heist-Op-Den-Berg;Resoc Mechelen;Mechelen;Provincie Antwerpen;Vlaams Gewest
12014;2222;Heist-Op-Den-Berg;Resoc Mechelen;Mechelen;Provincie Antwerpen;Vlaams Gewest
12014;2223;Heist-Op-Den-Berg;Resoc Mechelen;Mechelen;Provincie Antwerpen;Vlaams Gewest
12021;2500;Lier;Resoc Mechelen;Mechelen;Provincie Antwerpen;Vlaams Gewest
12025;2800;Mechelen;Resoc Mechelen;Mechelen;Provincie Antwerpen;Vlaams Gewest
12025;2801;Mechelen;Resoc Mechelen;Mechelen;Provincie Antwerpen;Vlaams Gewest
12025;2811;Mechelen;Resoc Mechelen;Mechelen;Provincie Antwerpen;Vlaams Gewest
12025;2812;Mechelen;Resoc Mechelen;Mechelen;Provincie Antwerpen;Vlaams Gewest
12026;2560;Nijlen;Resoc Mechelen;Mechelen;Provincie Antwerpen;Vlaams Gewest
12029;2580;Putte;Resoc Mechelen;Mechelen;Provincie Antwerpen;Vlaams Gewest
12030;2870;Puurs;Resoc Mechelen;Mechelen;Provincie Antwerpen;Vlaams Gewest
12034;2890;Sint-Amands;Resoc Mechelen;Mechelen;Provincie Antwerpen;Vlaams Gewest
12035;2860;Sint-Katelijne-Waver;Resoc Mechelen;Mechelen;Provincie Antwerpen;Vlaams Gewest
12035;2861;Sint-Katelijne-Waver;Resoc Mechelen;Mechelen;Provincie Antwerpen;Vlaams Gewest
12040;2830;Willebroek;Resoc Mechelen;Mechelen;Provincie Antwerpen;Vlaams Gewest
13001;2370;Arendonk;Resoc Turnhout;Turnhout;Provincie Antwerpen;Vlaams Gewest
13002;2387;Baarle-Hertog;Resoc Turnhout;Turnhout;Provincie Antwerpen;Vlaams Gewest
13003;2490;Balen;Resoc Turnhout;Turnhout;Provincie Antwerpen;Vlaams Gewest
13003;2491;Balen;Resoc Turnhout;Turnhout;Provincie Antwerpen;Vlaams Gewest
13004;2340;Beerse;Resoc Turnhout;Turnhout;Provincie Antwerpen;Vlaams Gewest
13006;2480;Dessel;Resoc Turnhout;Turnhout;Provincie Antwerpen;Vlaams Gewest
13008;2440;Geel;Resoc Turnhout;Turnhout;Provincie Antwerpen;Vlaams Gewest
13010;2280;Grobbendonk;Resoc Turnhout;Turnhout;Provincie Antwerpen;Vlaams Gewest
13010;2288;Grobbendonk;Resoc Turnhout;Turnhout;Provincie Antwerpen;Vlaams Gewest
13011;2200;Herentals;Resoc Turnhout;Turnhout;Provincie Antwerpen;Vlaams Gewest
13012;2270;Herenthout;Resoc Turnhout;Turnhout;Provincie Antwerpen;Vlaams Gewest
13013;2230;Herselt;Resoc Turnhout;Turnhout;Provincie Antwerpen;Vlaams Gewest
13014;2320;Hoogstraten;Resoc Turnhout;Turnhout;Provincie Antwerpen;Vlaams Gewest
13014;2321;Hoogstraten;Resoc Turnhout;Turnhout;Provincie Antwerpen;Vlaams Gewest
13014;2322;Hoogstraten;Resoc Turnhout;Turnhout;Provincie Antwerpen;Vlaams Gewest
13014;2323;Hoogstraten;Resoc Turnhout;Turnhout;Provincie Antwerpen;Vlaams Gewest
13014;2328;Hoogstraten;Resoc Turnhout;Turnhout;Provincie Antwerpen;Vlaams Gewest
13016;2235;Hulshout;Resoc Turnhout;Turnhout;Provincie Antwerpen;Vlaams Gewest
13017;2460;Kasterlee;Resoc Turnhout;Turnhout;Provincie Antwerpen;Vlaams Gewest
13019;2275;Lille;Resoc Turnhout;Turnhout;Provincie Antwerpen;Vlaams Gewest
13021;2450;Meerhout;Resoc Turnhout;Turnhout;Provincie Antwerpen;Vlaams Gewest
13023;2330;Merksplas;Resoc Turnhout;Turnhout;Provincie Antwerpen;Vlaams Gewest
13025;2400;Mol;Resoc Turnhout;Turnhout;Provincie Antwerpen;Vlaams Gewest
13029;2250;Olen;Resoc Turnhout;Turnhout;Provincie Antwerpen;Vlaams Gewest
13031;2360;Oud-Turnhout;Resoc Turnhout;Turnhout;Provincie Antwerpen;Vlaams Gewest
13035;2380;Ravels;Resoc Turnhout;Turnhout;Provincie Antwerpen;Vlaams Gewest
13035;2381;Ravels;Resoc Turnhout;Turnhout;Provincie Antwerpen;Vlaams Gewest
13035;2382;Ravels;Resoc Turnhout;Turnhout;Provincie Antwerpen;Vlaams Gewest
13036;2470;Retie;Resoc Turnhout;Turnhout;Provincie Antwerpen;Vlaams Gewest
13037;2310;Rijkevorsel;Resoc Turnhout;Turnhout;Provincie Antwerpen;Vlaams Gewest
13040;2300;Turnhout;Resoc Turnhout;Turnhout;Provincie Antwerpen;Vlaams Gewest
13044;2290;Vorselaar;Resoc Turnhout;Turnhout;Provincie Antwerpen;Vlaams Gewest
13046;2350;Vosselaar;Resoc Turnhout;Turnhout;Provincie Antwerpen;Vlaams Gewest
13049;2260;Westerlo;Resoc Turnhout;Turnhout;Provincie Antwerpen;Vlaams Gewest
13053;2430;Laakdal;Resoc Turnhout;Turnhout;Provincie Antwerpen;Vlaams Gewest
13053;2431;Laakdal;Resoc Turnhout;Turnhout;Provincie Antwerpen;Vlaams Gewest
21001;1070;Anderlecht;Brussels H. Gewest;Brussels H. Gewest;Brussels H. Gewest;Brussels H. Gewest
21002;1160;Oudergem;Brussels H. Gewest;Brussels H. Gewest;Brussels H. Gewest;Brussels H. Gewest
21003;1082;Sint-Agatha-Berchem;Brussels H. Gewest;Brussels H. Gewest;Brussels H. Gewest;Brussels H. Gewest
21004;1000;Brussel;Brussels H. Gewest;Brussels H. Gewest;Brussels H. Gewest;Brussels H. Gewest
21004;1020;Brussel;Brussels H. Gewest;Brussels H. Gewest;Brussels H. Gewest;Brussels H. Gewest
21004;1120;Brussel;Brussels H. Gewest;Brussels H. Gewest;Brussels H. Gewest;Brussels H. Gewest
21004;1130;Brussel;Brussels H. Gewest;Brussels H. Gewest;Brussels H. Gewest;Brussels H. Gewest
21005;1040;Etterbeek;Brussels H. Gewest;Brussels H. Gewest;Brussels H. Gewest;Brussels H. Gewest
21006;1140;Evere;Brussels H. Gewest;Brussels H. Gewest;Brussels H. Gewest;Brussels H. Gewest
21007;1190;Vorst;Brussels H. Gewest;Brussels H. Gewest;Brussels H. Gewest;Brussels H. Gewest
21008;1083;Ganshoren;Brussels H. Gewest;Brussels H. Gewest;Brussels H. Gewest;Brussels H. Gewest
21009;1050;Elsene;Brussels H. Gewest;Brussels H. Gewest;Brussels H. Gewest;Brussels H. Gewest
21010;1090;Jette;Brussels H. Gewest;Brussels H. Gewest;Brussels H. Gewest;Brussels H. Gewest
21011;1081;Koekelberg;Brussels H. Gewest;Brussels H. Gewest;Brussels H. Gewest;Brussels H. Gewest
21012;1080;Sint-Jans-Molenbeek;Brussels H. Gewest;Brussels H. Gewest;Brussels H. Gewest;Brussels H. Gewest
21013;1060;Sint-Gillis;Brussels H. Gewest;Brussels H. Gewest;Brussels H. Gewest;Brussels H. Gewest
21014;1210;Sint-Joost-Ten-Node;Brussels H. Gewest;Brussels H. Gewest;Brussels H. Gewest;Brussels H. Gewest
21015;1030;Schaarbeek;Brussels H. Gewest;Brussels H. Gewest;Brussels H. Gewest;Brussels H. Gewest
21016;1180;Ukkel;Brussels H. Gewest;Brussels H. Gewest;Brussels H. Gewest;Brussels H. Gewest
21017;1170;Watermaal-Bosvoorde;Brussels H. Gewest;Brussels H. Gewest;Brussels H. Gewest;Brussels H. Gewest
21018;1200;Sint-Lambrechts-Woluwe;Brussels H. Gewest;Brussels H. Gewest;Brussels H. Gewest;Brussels H. Gewest
21019;1150;Sint-Pieters-Woluwe;Brussels H. Gewest;Brussels H. Gewest;Brussels H. Gewest;Brussels H. Gewest
23002;1730;Asse;Resoc Halle-Vilvoorde;Halle-Vilvoorde;Provincie Vlaams-Brabant;Vlaams Gewest
23002;1731;Asse;Resoc Halle-Vilvoorde;Halle-Vilvoorde;Provincie Vlaams-Brabant;Vlaams Gewest
23003;1650;Beersel;Resoc Halle-Vilvoorde;Halle-Vilvoorde;Provincie Vlaams-Brabant;Vlaams Gewest
23003;1651;Beersel;Resoc Halle-Vilvoorde;Halle-Vilvoorde;Provincie Vlaams-Brabant;Vlaams Gewest
23003;1652;Beersel;Resoc Halle-Vilvoorde;Halle-Vilvoorde;Provincie Vlaams-Brabant;Vlaams Gewest
23003;1653;Beersel;Resoc Halle-Vilvoorde;Halle-Vilvoorde;Provincie Vlaams-Brabant;Vlaams Gewest
23003;1654;Beersel;Resoc Halle-Vilvoorde;Halle-Vilvoorde;Provincie Vlaams-Brabant;Vlaams Gewest
23009;1547;Bever;Resoc Halle-Vilvoorde;Halle-Vilvoorde;Provincie Vlaams-Brabant;Vlaams Gewest
23016;1700;Dilbeek;Resoc Halle-Vilvoorde;Halle-Vilvoorde;Provincie Vlaams-Brabant;Vlaams Gewest
23016;1701;Dilbeek;Resoc Halle-Vilvoorde;Halle-Vilvoorde;Provincie Vlaams-Brabant;Vlaams Gewest
23016;1702;Dilbeek;Resoc Halle-Vilvoorde;Halle-Vilvoorde;Provincie Vlaams-Brabant;Vlaams Gewest
23016;1703;Dilbeek;Resoc Halle-Vilvoorde;Halle-Vilvoorde;Provincie Vlaams-Brabant;Vlaams Gewest
23023;1570;Galmaarden;Resoc Halle-Vilvoorde;Halle-Vilvoorde;Provincie Vlaams-Brabant;Vlaams Gewest
23024;1755;Gooik;Resoc Halle-Vilvoorde;Halle-Vilvoorde;Provincie Vlaams-Brabant;Vlaams Gewest
23025;1850;Grimbergen;Resoc Halle-Vilvoorde;Halle-Vilvoorde;Provincie Vlaams-Brabant;Vlaams Gewest
23025;1851;Grimbergen;Resoc Halle-Vilvoorde;Halle-Vilvoorde;Provincie Vlaams-Brabant;Vlaams Gewest
23025;1852;Grimbergen;Resoc Halle-Vilvoorde;Halle-Vilvoorde;Provincie Vlaams-Brabant;Vlaams Gewest
23025;1853;Grimbergen;Resoc Halle-Vilvoorde;Halle-Vilvoorde;Provincie Vlaams-Brabant;Vlaams Gewest
23027;1500;Halle;Resoc Halle-Vilvoorde;Halle-Vilvoorde;Provincie Vlaams-Brabant;Vlaams Gewest
23027;1501;Halle;Resoc Halle-Vilvoorde;Halle-Vilvoorde;Provincie Vlaams-Brabant;Vlaams Gewest
23027;1502;Halle;Resoc Halle-Vilvoorde;Halle-Vilvoorde;Provincie Vlaams-Brabant;Vlaams Gewest
23032;1540;Herne;Resoc Halle-Vilvoorde;Halle-Vilvoorde;Provincie Vlaams-Brabant;Vlaams Gewest
23032;1541;Herne;Resoc Halle-Vilvoorde;Halle-Vilvoorde;Provincie Vlaams-Brabant;Vlaams Gewest
23033;1560;Hoeilaart;Resoc Halle-Vilvoorde;Halle-Vilvoorde;Provincie Vlaams-Brabant;Vlaams Gewest
23038;1910;Kampenhout;Resoc Halle-Vilvoorde;Halle-Vilvoorde;Provincie Vlaams-Brabant;Vlaams Gewest
23039;1880;Kapelle-Op-Den-Bos;Resoc Halle-Vilvoorde;Halle-Vilvoorde;Provincie Vlaams-Brabant;Vlaams Gewest
23044;1770;Liedekerke;Resoc Halle-Vilvoorde;Halle-Vilvoorde;Provincie Vlaams-Brabant;Vlaams Gewest
23045;1840;Londerzeel;Resoc Halle-Vilvoorde;Halle-Vilvoorde;Provincie Vlaams-Brabant;Vlaams Gewest
23047;1830;Machelen;Resoc Halle-Vilvoorde;Halle-Vilvoorde;Provincie Vlaams-Brabant;Vlaams Gewest
23047;1831;Machelen;Resoc Halle-Vilvoorde;Halle-Vilvoorde;Provincie Vlaams-Brabant;Vlaams Gewest
23050;1860;Meise;Resoc Halle-Vilvoorde;Halle-Vilvoorde;Provincie Vlaams-Brabant;Vlaams Gewest
23050;1861;Meise;Resoc Halle-Vilvoorde;Halle-Vilvoorde;Provincie Vlaams-Brabant;Vlaams Gewest
23052;1785;Merchtem;Resoc Halle-Vilvoorde;Halle-Vilvoorde;Provincie Vlaams-Brabant;Vlaams Gewest
23060;1745;Opwijk;Resoc Halle-Vilvoorde;Halle-Vilvoorde;Provincie Vlaams-Brabant;Vlaams Gewest
23062;3090;Overijse;Resoc Halle-Vilvoorde;Halle-Vilvoorde;Provincie Vlaams-Brabant;Vlaams Gewest
23064;1670;Pepingen;Resoc Halle-Vilvoorde;Halle-Vilvoorde;Provincie Vlaams-Brabant;Vlaams Gewest
23064;1671;Pepingen;Resoc Halle-Vilvoorde;Halle-Vilvoorde;Provincie Vlaams-Brabant;Vlaams Gewest
23064;1673;Pepingen;Resoc Halle-Vilvoorde;Halle-Vilvoorde;Provincie Vlaams-Brabant;Vlaams Gewest
23064;1674;Pepingen;Resoc Halle-Vilvoorde;Halle-Vilvoorde;Provincie Vlaams-Brabant;Vlaams Gewest
23077;1600;Sint-Pieters-Leeuw;Resoc Halle-Vilvoorde;Halle-Vilvoorde;Provincie Vlaams-Brabant;Vlaams Gewest
23077;1601;Sint-Pieters-Leeuw;Resoc Halle-Vilvoorde;Halle-Vilvoorde;Provincie Vlaams-Brabant;Vlaams Gewest
23077;1602;Sint-Pieters-Leeuw;Resoc Halle-Vilvoorde;Halle-Vilvoorde;Provincie Vlaams-Brabant;Vlaams Gewest
23081;1820;Steenokkerzeel;Resoc Halle-Vilvoorde;Halle-Vilvoorde;Provincie Vlaams-Brabant;Vlaams Gewest
23086;1740;Ternat;Resoc Halle-Vilvoorde;Halle-Vilvoorde;Provincie Vlaams-Brabant;Vlaams Gewest
23086;1741;Ternat;Resoc Halle-Vilvoorde;Halle-Vilvoorde;Provincie Vlaams-Brabant;Vlaams Gewest
23086;1742;Ternat;Resoc Halle-Vilvoorde;Halle-Vilvoorde;Provincie Vlaams-Brabant;Vlaams Gewest
23088;1800;Vilvoorde;Resoc Halle-Vilvoorde;Halle-Vilvoorde;Provincie Vlaams-Brabant;Vlaams Gewest
23094;1930;Zaventem;Resoc Halle-Vilvoorde;Halle-Vilvoorde;Provincie Vlaams-Brabant;Vlaams Gewest
23094;1931;Zaventem;Resoc Halle-Vilvoorde;Halle-Vilvoorde;Provincie Vlaams-Brabant;Vlaams Gewest
23094;1932;Zaventem;Resoc Halle-Vilvoorde;Halle-Vilvoorde;Provincie Vlaams-Brabant;Vlaams Gewest
23094;1933;Zaventem;Resoc Halle-Vilvoorde;Halle-Vilvoorde;Provincie Vlaams-Brabant;Vlaams Gewest
23096;1804;Zemst;Resoc Halle-Vilvoorde;Halle-Vilvoorde;Provincie Vlaams-Brabant;Vlaams Gewest
23096;1980;Zemst;Resoc Halle-Vilvoorde;Halle-Vilvoorde;Provincie Vlaams-Brabant;Vlaams Gewest
23096;1981;Zemst;Resoc Halle-Vilvoorde;Halle-Vilvoorde;Provincie Vlaams-Brabant;Vlaams Gewest
23096;1982;Zemst;Resoc Halle-Vilvoorde;Halle-Vilvoorde;Provincie Vlaams-Brabant;Vlaams Gewest
23097;1760;Roosdaal;Resoc Halle-Vilvoorde;Halle-Vilvoorde;Provincie Vlaams-Brabant;Vlaams Gewest
23097;1761;Roosdaal;Resoc Halle-Vilvoorde;Halle-Vilvoorde;Provincie Vlaams-Brabant;Vlaams Gewest
23098;1620;Drogenbos;Resoc Halle-Vilvoorde;Halle-Vilvoorde;Provincie Vlaams-Brabant;Vlaams Gewest
23099;1950;Kraainem;Resoc Halle-Vilvoorde;Halle-Vilvoorde;Provincie Vlaams-Brabant;Vlaams Gewest
23100;1630;Linkebeek;Resoc Halle-Vilvoorde;Halle-Vilvoorde;Provincie Vlaams-Brabant;Vlaams Gewest
23101;1640;Sint-Genesius-Rode;Resoc Halle-Vilvoorde;Halle-Vilvoorde;Provincie Vlaams-Brabant;Vlaams Gewest
23102;1780;Wemmel;Resoc Halle-Vilvoorde;Halle-Vilvoorde;Provincie Vlaams-Brabant;Vlaams Gewest
23103;1970;Wezembeek-Oppem;Resoc Halle-Vilvoorde;Halle-Vilvoorde;Provincie Vlaams-Brabant;Vlaams Gewest
23104;1750;Lennik;Resoc Halle-Vilvoorde;Halle-Vilvoorde;Provincie Vlaams-Brabant;Vlaams Gewest
23105;1790;Affligem;Resoc Halle-Vilvoorde;Halle-Vilvoorde;Provincie Vlaams-Brabant;Vlaams Gewest
24001;3200;Aarschot;Resoc Leuven;Leuven;Provincie Vlaams-Brabant;Vlaams Gewest
24001;3201;Aarschot;Resoc Leuven;Leuven;Provincie Vlaams-Brabant;Vlaams Gewest
24001;3202;Aarschot;Resoc Leuven;Leuven;Provincie Vlaams-Brabant;Vlaams Gewest
24007;3130;Begijnendijk;Resoc Leuven;Leuven;Provincie Vlaams-Brabant;Vlaams Gewest
24008;3460;Bekkevoort;Resoc Leuven;Leuven;Provincie Vlaams-Brabant;Vlaams Gewest
24008;3461;Bekkevoort;Resoc Leuven;Leuven;Provincie Vlaams-Brabant;Vlaams Gewest
24009;3060;Bertem;Resoc Leuven;Leuven;Provincie Vlaams-Brabant;Vlaams Gewest
24009;3061;Bertem;Resoc Leuven;Leuven;Provincie Vlaams-Brabant;Vlaams Gewest
24011;3360;Bierbeek;Resoc Leuven;Leuven;Provincie Vlaams-Brabant;Vlaams Gewest
24014;3190;Boortmeerbeek;Resoc Leuven;Leuven;Provincie Vlaams-Brabant;Vlaams Gewest
24014;3191;Boortmeerbeek;Resoc Leuven;Leuven;Provincie Vlaams-Brabant;Vlaams Gewest
24016;3370;Boutersem;Resoc Leuven;Leuven;Provincie Vlaams-Brabant;Vlaams Gewest
24020;3290;Diest;Resoc Leuven;Leuven;Provincie Vlaams-Brabant;Vlaams Gewest
24020;3293;Diest;Resoc Leuven;Leuven;Provincie Vlaams-Brabant;Vlaams Gewest
24020;3294;Diest;Resoc Leuven;Leuven;Provincie Vlaams-Brabant;Vlaams Gewest
24028;3450;Geetbets;Resoc Leuven;Leuven;Provincie Vlaams-Brabant;Vlaams Gewest
24028;3454;Geetbets;Resoc Leuven;Leuven;Provincie Vlaams-Brabant;Vlaams Gewest
24033;3150;Haacht;Resoc Leuven;Leuven;Provincie Vlaams-Brabant;Vlaams Gewest
24038;3020;Herent;Resoc Leuven;Leuven;Provincie Vlaams-Brabant;Vlaams Gewest
24041;3320;Hoegaarden;Resoc Leuven;Leuven;Provincie Vlaams-Brabant;Vlaams Gewest
24041;3321;Hoegaarden;Resoc Leuven;Leuven;Provincie Vlaams-Brabant;Vlaams Gewest
24043;3220;Holsbeek;Resoc Leuven;Leuven;Provincie Vlaams-Brabant;Vlaams Gewest
24043;3221;Holsbeek;Resoc Leuven;Leuven;Provincie Vlaams-Brabant;Vlaams Gewest
24045;3040;Huldenberg;Resoc Leuven;Leuven;Provincie Vlaams-Brabant;Vlaams Gewest
24048;3140;Keerbergen;Resoc Leuven;Leuven;Provincie Vlaams-Brabant;Vlaams Gewest
24054;3470;Kortenaken;Resoc Leuven;Leuven;Provincie Vlaams-Brabant;Vlaams Gewest
24054;3471;Kortenaken;Resoc Leuven;Leuven;Provincie Vlaams-Brabant;Vlaams Gewest
24054;3472;Kortenaken;Resoc Leuven;Leuven;Provincie Vlaams-Brabant;Vlaams Gewest
24054;3473;Kortenaken;Resoc Leuven;Leuven;Provincie Vlaams-Brabant;Vlaams Gewest
24055;3070;Kortenberg;Resoc Leuven;Leuven;Provincie Vlaams-Brabant;Vlaams Gewest
24055;3071;Kortenberg;Resoc Leuven;Leuven;Provincie Vlaams-Brabant;Vlaams Gewest
24055;3078;Kortenberg;Resoc Leuven;Leuven;Provincie Vlaams-Brabant;Vlaams Gewest
24059;3400;Landen;Resoc Leuven;Leuven;Provincie Vlaams-Brabant;Vlaams Gewest
24059;3401;Landen;Resoc Leuven;Leuven;Provincie Vlaams-Brabant;Vlaams Gewest
24059;3404;Landen;Resoc Leuven;Leuven;Provincie Vlaams-Brabant;Vlaams Gewest
24062;3000;Leuven;Resoc Leuven;Leuven;Provincie Vlaams-Brabant;Vlaams Gewest
24062;3001;Leuven;Resoc Leuven;Leuven;Provincie Vlaams-Brabant;Vlaams Gewest
24062;3010;Leuven;Resoc Leuven;Leuven;Provincie Vlaams-Brabant;Vlaams Gewest
24062;3012;Leuven;Resoc Leuven;Leuven;Provincie Vlaams-Brabant;Vlaams Gewest
24062;3018;Leuven;Resoc Leuven;Leuven;Provincie Vlaams-Brabant;Vlaams Gewest
24066;3210;Lubbeek;Resoc Leuven;Leuven;Provincie Vlaams-Brabant;Vlaams Gewest
24066;3211;Lubbeek;Resoc Leuven;Leuven;Provincie Vlaams-Brabant;Vlaams Gewest
24066;3212;Lubbeek;Resoc Leuven;Leuven;Provincie Vlaams-Brabant;Vlaams Gewest
24086;3050;Oud-Heverlee;Resoc Leuven;Leuven;Provincie Vlaams-Brabant;Vlaams Gewest
24086;3051;Oud-Heverlee;Resoc Leuven;Leuven;Provincie Vlaams-Brabant;Vlaams Gewest
24086;3052;Oud-Heverlee;Resoc Leuven;Leuven;Provincie Vlaams-Brabant;Vlaams Gewest
24086;3053;Oud-Heverlee;Resoc Leuven;Leuven;Provincie Vlaams-Brabant;Vlaams Gewest
24086;3054;Oud-Heverlee;Resoc Leuven;Leuven;Provincie Vlaams-Brabant;Vlaams Gewest
24094;3110;Rotselaar;Resoc Leuven;Leuven;Provincie Vlaams-Brabant;Vlaams Gewest
24094;3111;Rotselaar;Resoc Leuven;Leuven;Provincie Vlaams-Brabant;Vlaams Gewest
24094;3118;Rotselaar;Resoc Leuven;Leuven;Provincie Vlaams-Brabant;Vlaams Gewest
24104;3080;Tervuren;Resoc Leuven;Leuven;Provincie Vlaams-Brabant;Vlaams Gewest
24107;3300;Tienen;Resoc Leuven;Leuven;Provincie Vlaams-Brabant;Vlaams Gewest
24109;3120;Tremelo;Resoc Leuven;Leuven;Provincie Vlaams-Brabant;Vlaams Gewest
24109;3128;Tremelo;Resoc Leuven;Leuven;Provincie Vlaams-Brabant;Vlaams Gewest
24130;3440;Zoutleeuw;Resoc Leuven;Leuven;Provincie Vlaams-Brabant;Vlaams Gewest
24133;3350;Linter;Resoc Leuven;Leuven;Provincie Vlaams-Brabant;Vlaams Gewest
24134;3270;Scherpenheuvel-Zichem;Resoc Leuven;Leuven;Provincie Vlaams-Brabant;Vlaams Gewest
24134;3271;Scherpenheuvel-Zichem;Resoc Leuven;Leuven;Provincie Vlaams-Brabant;Vlaams Gewest
24134;3272;Scherpenheuvel-Zichem;Resoc Leuven;Leuven;Provincie Vlaams-Brabant;Vlaams Gewest
24135;3390;Tielt-Winge;Resoc Leuven;Leuven;Provincie Vlaams-Brabant;Vlaams Gewest
24135;3391;Tielt-Winge;Resoc Leuven;Leuven;Provincie Vlaams-Brabant;Vlaams Gewest
24137;3380;Glabbeek;Resoc Leuven;Leuven;Provincie Vlaams-Brabant;Vlaams Gewest
24137;3381;Glabbeek;Resoc Leuven;Leuven;Provincie Vlaams-Brabant;Vlaams Gewest
24137;3384;Glabbeek;Resoc Leuven;Leuven;Provincie Vlaams-Brabant;Vlaams Gewest
25005;1320;Bevekom;Csef Brabant Wallon;Nijvel;Provincie Waals-Brabant;Waals Gewest
25014;1420;Eigenbrakel;Csef Brabant Wallon;Nijvel;Provincie Waals-Brabant;Waals Gewest
25014;1421;Eigenbrakel;Csef Brabant Wallon;Nijvel;Provincie Waals-Brabant;Waals Gewest
25014;1428;Eigenbrakel;Csef Brabant Wallon;Nijvel;Provincie Waals-Brabant;Waals Gewest
25015;1440;Kasteelbrakel;Csef Brabant Wallon;Nijvel;Provincie Waals-Brabant;Waals Gewest
25018;1325;Chaumont-Gistoux;Csef Brabant Wallon;Nijvel;Provincie Waals-Brabant;Waals Gewest
25023;1490;Court-Saint-Etienne;Csef Brabant Wallon;Nijvel;Provincie Waals-Brabant;Waals Gewest
25031;1470;Genepiën;Csef Brabant Wallon;Nijvel;Provincie Waals-Brabant;Waals Gewest
25031;1471;Genepiën;Csef Brabant Wallon;Nijvel;Provincie Waals-Brabant;Waals Gewest
25031;1472;Genepiën;Csef Brabant Wallon;Nijvel;Provincie Waals-Brabant;Waals Gewest
25031;1473;Genepiën;Csef Brabant Wallon;Nijvel;Provincie Waals-Brabant;Waals Gewest
25031;1474;Genepiën;Csef Brabant Wallon;Nijvel;Provincie Waals-Brabant;Waals Gewest
25031;1476;Genepiën;Csef Brabant Wallon;Nijvel;Provincie Waals-Brabant;Waals Gewest
25037;1390;Graven;Csef Brabant Wallon;Nijvel;Provincie Waals-Brabant;Waals Gewest
25043;1315;Incourt;Csef Brabant Wallon;Nijvel;Provincie Waals-Brabant;Waals Gewest
25044;1460;Itter;Csef Brabant Wallon;Nijvel;Provincie Waals-Brabant;Waals Gewest
25044;1461;Itter;Csef Brabant Wallon;Nijvel;Provincie Waals-Brabant;Waals Gewest
25048;1370;Geldenaken;Csef Brabant Wallon;Nijvel;Provincie Waals-Brabant;Waals Gewest
25050;1310;Terhulpen;Csef Brabant Wallon;Nijvel;Provincie Waals-Brabant;Waals Gewest
25068;1435;Mont-Saint-Guibert;Csef Brabant Wallon;Nijvel;Provincie Waals-Brabant;Waals Gewest
25072;1400;Nijvel;Csef Brabant Wallon;Nijvel;Provincie Waals-Brabant;Waals Gewest
25072;1401;Nijvel;Csef Brabant Wallon;Nijvel;Provincie Waals-Brabant;Waals Gewest
25072;1402;Nijvel;Csef Brabant Wallon;Nijvel;Provincie Waals-Brabant;Waals Gewest
25072;1404;Nijvel;Csef Brabant Wallon;Nijvel;Provincie Waals-Brabant;Waals Gewest
25084;1360;Perwijs;Csef Brabant Wallon;Nijvel;Provincie Waals-Brabant;Waals Gewest
25091;1330;Rixensart;Csef Brabant Wallon;Nijvel;Provincie Waals-Brabant;Waals Gewest
25091;1331;Rixensart;Csef Brabant Wallon;Nijvel;Provincie Waals-Brabant;Waals Gewest
25091;1332;Rixensart;Csef Brabant Wallon;Nijvel;Provincie Waals-Brabant;Waals Gewest
25105;1480;Tubeke;Csef Brabant Wallon;Nijvel;Provincie Waals-Brabant;Waals Gewest
25107;1495;Villers-La-Ville;Csef Brabant Wallon;Nijvel;Provincie Waals-Brabant;Waals Gewest
25110;1410;Waterloo;Csef Brabant Wallon;Nijvel;Provincie Waals-Brabant;Waals Gewest
25112;1300;Waver;Csef Brabant Wallon;Nijvel;Provincie Waals-Brabant;Waals Gewest
25112;1301;Waver;Csef Brabant Wallon;Nijvel;Provincie Waals-Brabant;Waals Gewest
25117;1450;Chastre;Csef Brabant Wallon;Nijvel;Provincie Waals-Brabant;Waals Gewest
25118;1357;Hélécine;Csef Brabant Wallon;Nijvel;Provincie Waals-Brabant;Waals Gewest
25119;1380;Lasne;Csef Brabant Wallon;Nijvel;Provincie Waals-Brabant;Waals Gewest
25120;1350;Orp-Jauche;Csef Brabant Wallon;Nijvel;Provincie Waals-Brabant;Waals Gewest
25121;1340;Ottignies-Louvain-La-Neuve;Csef Brabant Wallon;Nijvel;Provincie Waals-Brabant;Waals Gewest
25121;1341;Ottignies-Louvain-La-Neuve;Csef Brabant Wallon;Nijvel;Provincie Waals-Brabant;Waals Gewest
25121;1342;Ottignies-Louvain-La-Neuve;Csef Brabant Wallon;Nijvel;Provincie Waals-Brabant;Waals Gewest
25121;1348;Ottignies-Louvain-La-Neuve;Csef Brabant Wallon;Nijvel;Provincie Waals-Brabant;Waals Gewest
25122;1367;Ramillies;Csef Brabant Wallon;Nijvel;Provincie Waals-Brabant;Waals Gewest
25123;1430;Rebecq;Csef Brabant Wallon;Nijvel;Provincie Waals-Brabant;Waals Gewest
25124;1457;Walhain;Csef Brabant Wallon;Nijvel;Provincie Waals-Brabant;Waals Gewest
31003;8730;Beernem;Resoc Brugge;Brugge;Provincie West-Vlaanderen;Vlaams Gewest
31004;8370;Blankenberge;Resoc Brugge;Brugge;Provincie West-Vlaanderen;Vlaams Gewest
31005;8000;Brugge;Resoc Brugge;Brugge;Provincie West-Vlaanderen;Vlaams Gewest
31005;8200;Brugge;Resoc Brugge;Brugge;Provincie West-Vlaanderen;Vlaams Gewest
31005;8310;Brugge;Resoc Brugge;Brugge;Provincie West-Vlaanderen;Vlaams Gewest
31005;8380;Brugge;Resoc Brugge;Brugge;Provincie West-Vlaanderen;Vlaams Gewest
31006;8340;Damme;Resoc Brugge;Brugge;Provincie West-Vlaanderen;Vlaams Gewest
31012;8490;Jabbeke;Resoc Brugge;Brugge;Provincie West-Vlaanderen;Vlaams Gewest
31022;8020;Oostkamp;Resoc Brugge;Brugge;Provincie West-Vlaanderen;Vlaams Gewest
31033;8820;Torhout;Resoc Brugge;Brugge;Provincie West-Vlaanderen;Vlaams Gewest
31040;8210;Zedelgem;Resoc Brugge;Brugge;Provincie West-Vlaanderen;Vlaams Gewest
31040;8211;Zedelgem;Resoc Brugge;Brugge;Provincie West-Vlaanderen;Vlaams Gewest
31042;8377;Zuienkerke;Resoc Brugge;Brugge;Provincie West-Vlaanderen;Vlaams Gewest
31043;8300;Knokke-Heist;Resoc Brugge;Brugge;Provincie West-Vlaanderen;Vlaams Gewest
31043;8301;Knokke-Heist;Resoc Brugge;Brugge;Provincie West-Vlaanderen;Vlaams Gewest
32003;8600;Diksmuide;Resoc Westhoek;Diksmuide;Provincie West-Vlaanderen;Vlaams Gewest
32006;8650;Houthulst;Resoc Westhoek;Diksmuide;Provincie West-Vlaanderen;Vlaams Gewest
32010;8680;Koekelare;Resoc Westhoek;Diksmuide;Provincie West-Vlaanderen;Vlaams Gewest
32011;8610;Kortemark;Resoc Westhoek;Diksmuide;Provincie West-Vlaanderen;Vlaams Gewest
32030;8647;Lo-Reninge;Resoc Westhoek;Diksmuide;Provincie West-Vlaanderen;Vlaams Gewest
33011;8900;Ieper;Resoc Westhoek;Ieper;Provincie West-Vlaanderen;Vlaams Gewest
33011;8902;Ieper;Resoc Westhoek;Ieper;Provincie West-Vlaanderen;Vlaams Gewest
33011;8904;Ieper;Resoc Westhoek;Ieper;Provincie West-Vlaanderen;Vlaams Gewest
33011;8906;Ieper;Resoc Westhoek;Ieper;Provincie West-Vlaanderen;Vlaams Gewest
33011;8908;Ieper;Resoc Westhoek;Ieper;Provincie West-Vlaanderen;Vlaams Gewest
33016;8957;Mesen;Resoc Westhoek;Ieper;Provincie West-Vlaanderen;Vlaams Gewest
33021;8970;Poperinge;Resoc Westhoek;Ieper;Provincie West-Vlaanderen;Vlaams Gewest
33021;8972;Poperinge;Resoc Westhoek;Ieper;Provincie West-Vlaanderen;Vlaams Gewest
33021;8978;Poperinge;Resoc Westhoek;Ieper;Provincie West-Vlaanderen;Vlaams Gewest
33029;8940;Wervik;Resoc Westhoek;Ieper;Provincie West-Vlaanderen;Vlaams Gewest
33037;8980;Zonnebeke;Resoc Westhoek;Ieper;Provincie West-Vlaanderen;Vlaams Gewest
33039;8950;Heuvelland;Resoc Westhoek;Ieper;Provincie West-Vlaanderen;Vlaams Gewest
33039;8951;Heuvelland;Resoc Westhoek;Ieper;Provincie West-Vlaanderen;Vlaams Gewest
33039;8952;Heuvelland;Resoc Westhoek;Ieper;Provincie West-Vlaanderen;Vlaams Gewest
33039;8953;Heuvelland;Resoc Westhoek;Ieper;Provincie West-Vlaanderen;Vlaams Gewest
33039;8954;Heuvelland;Resoc Westhoek;Ieper;Provincie West-Vlaanderen;Vlaams Gewest
33039;8956;Heuvelland;Resoc Westhoek;Ieper;Provincie West-Vlaanderen;Vlaams Gewest
33039;8958;Heuvelland;Resoc Westhoek;Ieper;Provincie West-Vlaanderen;Vlaams Gewest
33040;8920;Langemark-Poelkapelle;Resoc Westhoek;Ieper;Provincie West-Vlaanderen;Vlaams Gewest
33041;8640;Vleteren;Resoc Westhoek;Ieper;Provincie West-Vlaanderen;Vlaams Gewest
34002;8570;Anzegem;Resoc Zuid-West-Vlaanderen;Kortrijk;Provincie West-Vlaanderen;Vlaams Gewest
34002;8572;Anzegem;Resoc Zuid-West-Vlaanderen;Kortrijk;Provincie West-Vlaanderen;Vlaams Gewest
34002;8573;Anzegem;Resoc Zuid-West-Vlaanderen;Kortrijk;Provincie West-Vlaanderen;Vlaams Gewest
34003;8580;Avelgem;Resoc Zuid-West-Vlaanderen;Kortrijk;Provincie West-Vlaanderen;Vlaams Gewest
34003;8581;Avelgem;Resoc Zuid-West-Vlaanderen;Kortrijk;Provincie West-Vlaanderen;Vlaams Gewest
34003;8582;Avelgem;Resoc Zuid-West-Vlaanderen;Kortrijk;Provincie West-Vlaanderen;Vlaams Gewest
34003;8583;Avelgem;Resoc Zuid-West-Vlaanderen;Kortrijk;Provincie West-Vlaanderen;Vlaams Gewest
34009;8540;Deerlijk;Resoc Zuid-West-Vlaanderen;Kortrijk;Provincie West-Vlaanderen;Vlaams Gewest
34013;8530;Harelbeke;Resoc Zuid-West-Vlaanderen;Kortrijk;Provincie West-Vlaanderen;Vlaams Gewest
34013;8531;Harelbeke;Resoc Zuid-West-Vlaanderen;Kortrijk;Provincie West-Vlaanderen;Vlaams Gewest
34022;8500;Kortrijk;Resoc Zuid-West-Vlaanderen;Kortrijk;Provincie West-Vlaanderen;Vlaams Gewest
34022;8501;Kortrijk;Resoc Zuid-West-Vlaanderen;Kortrijk;Provincie West-Vlaanderen;Vlaams Gewest
34022;8510;Kortrijk;Resoc Zuid-West-Vlaanderen;Kortrijk;Provincie West-Vlaanderen;Vlaams Gewest
34022;8511;Kortrijk;Resoc Zuid-West-Vlaanderen;Kortrijk;Provincie West-Vlaanderen;Vlaams Gewest
34023;8520;Kuurne;Resoc Zuid-West-Vlaanderen;Kortrijk;Provincie West-Vlaanderen;Vlaams Gewest
34025;8860;Lendelede;Resoc Zuid-West-Vlaanderen;Kortrijk;Provincie West-Vlaanderen;Vlaams Gewest
34027;8930;Menen;Resoc Zuid-West-Vlaanderen;Kortrijk;Provincie West-Vlaanderen;Vlaams Gewest
34040;8790;Waregem;Resoc Zuid-West-Vlaanderen;Kortrijk;Provincie West-Vlaanderen;Vlaams Gewest
34040;8791;Waregem;Resoc Zuid-West-Vlaanderen;Kortrijk;Provincie West-Vlaanderen;Vlaams Gewest
34040;8792;Waregem;Resoc Zuid-West-Vlaanderen;Kortrijk;Provincie West-Vlaanderen;Vlaams Gewest
34040;8793;Waregem;Resoc Zuid-West-Vlaanderen;Kortrijk;Provincie West-Vlaanderen;Vlaams Gewest
34041;8560;Wevelgem;Resoc Zuid-West-Vlaanderen;Kortrijk;Provincie West-Vlaanderen;Vlaams Gewest
34042;8550;Zwevegem;Resoc Zuid-West-Vlaanderen;Kortrijk;Provincie West-Vlaanderen;Vlaams Gewest
34042;8551;Zwevegem;Resoc Zuid-West-Vlaanderen;Kortrijk;Provincie West-Vlaanderen;Vlaams Gewest
34042;8552;Zwevegem;Resoc Zuid-West-Vlaanderen;Kortrijk;Provincie West-Vlaanderen;Vlaams Gewest
34042;8553;Zwevegem;Resoc Zuid-West-Vlaanderen;Kortrijk;Provincie West-Vlaanderen;Vlaams Gewest
34042;8554;Zwevegem;Resoc Zuid-West-Vlaanderen;Kortrijk;Provincie West-Vlaanderen;Vlaams Gewest
34043;8587;Spiere-Helkijn;Resoc Zuid-West-Vlaanderen;Kortrijk;Provincie West-Vlaanderen;Vlaams Gewest
35002;8450;Bredene;Resoc Oostende;Oostende;Provincie West-Vlaanderen;Vlaams Gewest
35005;8470;Gistel;Resoc Oostende;Oostende;Provincie West-Vlaanderen;Vlaams Gewest
35006;8480;Ichtegem;Resoc Oostende;Oostende;Provincie West-Vlaanderen;Vlaams Gewest
35011;8430;Middelkerke;Resoc Oostende;Oostende;Provincie West-Vlaanderen;Vlaams Gewest
35011;8431;Middelkerke;Resoc Oostende;Oostende;Provincie West-Vlaanderen;Vlaams Gewest
35011;8432;Middelkerke;Resoc Oostende;Oostende;Provincie West-Vlaanderen;Vlaams Gewest
35011;8433;Middelkerke;Resoc Oostende;Oostende;Provincie West-Vlaanderen;Vlaams Gewest
35011;8434;Middelkerke;Resoc Oostende;Oostende;Provincie West-Vlaanderen;Vlaams Gewest
35013;8400;Oostende;Resoc Oostende;Oostende;Provincie West-Vlaanderen;Vlaams Gewest
35014;8460;Oudenburg;Resoc Oostende;Oostende;Provincie West-Vlaanderen;Vlaams Gewest
35029;8420;De Haan;Resoc Oostende;Oostende;Provincie West-Vlaanderen;Vlaams Gewest
35029;8421;De Haan;Resoc Oostende;Oostende;Provincie West-Vlaanderen;Vlaams Gewest
36006;8830;Hooglede;Resoc Roeselare-Tielt;Roeselare;Provincie West-Vlaanderen;Vlaams Gewest
36007;8770;Ingelmunster;Resoc Roeselare-Tielt;Roeselare;Provincie West-Vlaanderen;Vlaams Gewest
36008;8870;Izegem;Resoc Roeselare-Tielt;Roeselare;Provincie West-Vlaanderen;Vlaams Gewest
36010;8880;Ledegem;Resoc Roeselare-Tielt;Roeselare;Provincie West-Vlaanderen;Vlaams Gewest
36011;8810;Lichtervelde;Resoc Roeselare-Tielt;Roeselare;Provincie West-Vlaanderen;Vlaams Gewest
36012;8890;Moorslede;Resoc Roeselare-Tielt;Roeselare;Provincie West-Vlaanderen;Vlaams Gewest
36015;8800;Roeselare;Resoc Roeselare-Tielt;Roeselare;Provincie West-Vlaanderen;Vlaams Gewest
36019;8840;Staden;Resoc Roeselare-Tielt;Roeselare;Provincie West-Vlaanderen;Vlaams Gewest
37002;8720;Dentergem;Resoc Roeselare-Tielt;Tielt;Provincie West-Vlaanderen;Vlaams Gewest
37007;8760;Meulebeke;Resoc Roeselare-Tielt;Tielt;Provincie West-Vlaanderen;Vlaams Gewest
37010;8780;Oostrozebeke;Resoc Roeselare-Tielt;Tielt;Provincie West-Vlaanderen;Vlaams Gewest
37011;8740;Pittem;Resoc Roeselare-Tielt;Tielt;Provincie West-Vlaanderen;Vlaams Gewest
37012;8755;Ruiselede;Resoc Roeselare-Tielt;Tielt;Provincie West-Vlaanderen;Vlaams Gewest
37015;8700;Tielt;Resoc Roeselare-Tielt;Tielt;Provincie West-Vlaanderen;Vlaams Gewest
37017;8710;Wielsbeke;Resoc Roeselare-Tielt;Tielt;Provincie West-Vlaanderen;Vlaams Gewest
37018;8750;Wingene;Resoc Roeselare-Tielt;Tielt;Provincie West-Vlaanderen;Vlaams Gewest
37020;8850;Ardooie;Resoc Roeselare-Tielt;Tielt;Provincie West-Vlaanderen;Vlaams Gewest
37020;8851;Ardooie;Resoc Roeselare-Tielt;Tielt;Provincie West-Vlaanderen;Vlaams Gewest
38002;8690;Alveringem;Resoc Westhoek;Veurne;Provincie West-Vlaanderen;Vlaams Gewest
38002;8691;Alveringem;Resoc Westhoek;Veurne;Provincie West-Vlaanderen;Vlaams Gewest
38008;8660;De Panne;Resoc Westhoek;Veurne;Provincie West-Vlaanderen;Vlaams Gewest
38014;8670;Koksijde;Resoc Westhoek;Veurne;Provincie West-Vlaanderen;Vlaams Gewest
38016;8620;Nieuwpoort;Resoc Westhoek;Veurne;Provincie West-Vlaanderen;Vlaams Gewest
38025;8630;Veurne;Resoc Westhoek;Veurne;Provincie West-Vlaanderen;Vlaams Gewest
41002;9300;Aalst;Resoc Zuid-Oost-Vlaanderen;Aalst;Provincie Oost-Vlaanderen;Vlaams Gewest
41002;9308;Aalst;Resoc Zuid-Oost-Vlaanderen;Aalst;Provincie Oost-Vlaanderen;Vlaams Gewest
41002;9310;Aalst;Resoc Zuid-Oost-Vlaanderen;Aalst;Provincie Oost-Vlaanderen;Vlaams Gewest
41002;9320;Aalst;Resoc Zuid-Oost-Vlaanderen;Aalst;Provincie Oost-Vlaanderen;Vlaams Gewest
41011;9470;Denderleeuw;Resoc Zuid-Oost-Vlaanderen;Aalst;Provincie Oost-Vlaanderen;Vlaams Gewest
41011;9472;Denderleeuw;Resoc Zuid-Oost-Vlaanderen;Aalst;Provincie Oost-Vlaanderen;Vlaams Gewest
41011;9473;Denderleeuw;Resoc Zuid-Oost-Vlaanderen;Aalst;Provincie Oost-Vlaanderen;Vlaams Gewest
41018;9500;Geraardsbergen;Resoc Zuid-Oost-Vlaanderen;Aalst;Provincie Oost-Vlaanderen;Vlaams Gewest
41018;9506;Geraardsbergen;Resoc Zuid-Oost-Vlaanderen;Aalst;Provincie Oost-Vlaanderen;Vlaams Gewest
41024;9450;Haaltert;Resoc Zuid-Oost-Vlaanderen;Aalst;Provincie Oost-Vlaanderen;Vlaams Gewest
41024;9451;Haaltert;Resoc Zuid-Oost-Vlaanderen;Aalst;Provincie Oost-Vlaanderen;Vlaams Gewest
41027;9550;Herzele;Resoc Zuid-Oost-Vlaanderen;Aalst;Provincie Oost-Vlaanderen;Vlaams Gewest
41027;9551;Herzele;Resoc Zuid-Oost-Vlaanderen;Aalst;Provincie Oost-Vlaanderen;Vlaams Gewest
41027;9552;Herzele;Resoc Zuid-Oost-Vlaanderen;Aalst;Provincie Oost-Vlaanderen;Vlaams Gewest
41034;9340;Lede;Resoc Zuid-Oost-Vlaanderen;Aalst;Provincie Oost-Vlaanderen;Vlaams Gewest
41048;9400;Ninove;Resoc Zuid-Oost-Vlaanderen;Aalst;Provincie Oost-Vlaanderen;Vlaams Gewest
41048;9401;Ninove;Resoc Zuid-Oost-Vlaanderen;Aalst;Provincie Oost-Vlaanderen;Vlaams Gewest
41048;9402;Ninove;Resoc Zuid-Oost-Vlaanderen;Aalst;Provincie Oost-Vlaanderen;Vlaams Gewest
41048;9403;Ninove;Resoc Zuid-Oost-Vlaanderen;Aalst;Provincie Oost-Vlaanderen;Vlaams Gewest
41048;9404;Ninove;Resoc Zuid-Oost-Vlaanderen;Aalst;Provincie Oost-Vlaanderen;Vlaams Gewest
41048;9406;Ninove;Resoc Zuid-Oost-Vlaanderen;Aalst;Provincie Oost-Vlaanderen;Vlaams Gewest
41063;9520;Sint-Lievens-Houtem;Resoc Zuid-Oost-Vlaanderen;Aalst;Provincie Oost-Vlaanderen;Vlaams Gewest
41063;9521;Sint-Lievens-Houtem;Resoc Zuid-Oost-Vlaanderen;Aalst;Provincie Oost-Vlaanderen;Vlaams Gewest
41081;9620;Zottegem;Resoc Zuid-Oost-Vlaanderen;Aalst;Provincie Oost-Vlaanderen;Vlaams Gewest
41082;9420;Erpe-Mere;Resoc Zuid-Oost-Vlaanderen;Aalst;Provincie Oost-Vlaanderen;Vlaams Gewest
42003;9290;Berlare;Resoc Dender-Waas;Dendermonde;Provincie Oost-Vlaanderen;Vlaams Gewest
42004;9255;Buggenhout;Resoc Dender-Waas;Dendermonde;Provincie Oost-Vlaanderen;Vlaams Gewest
42006;9200;Dendermonde;Resoc Dender-Waas;Dendermonde;Provincie Oost-Vlaanderen;Vlaams Gewest
42008;9220;Hamme;Resoc Dender-Waas;Dendermonde;Provincie Oost-Vlaanderen;Vlaams Gewest
42010;9270;Laarne;Resoc Dender-Waas;Dendermonde;Provincie Oost-Vlaanderen;Vlaams Gewest
42011;9280;Lebbeke;Resoc Dender-Waas;Dendermonde;Provincie Oost-Vlaanderen;Vlaams Gewest
42023;9250;Waasmunster;Resoc Dender-Waas;Dendermonde;Provincie Oost-Vlaanderen;Vlaams Gewest
42025;9230;Wetteren;Resoc Dender-Waas;Dendermonde;Provincie Oost-Vlaanderen;Vlaams Gewest
42026;9260;Wichelen;Resoc Dender-Waas;Dendermonde;Provincie Oost-Vlaanderen;Vlaams Gewest
42028;9240;Zele;Resoc Dender-Waas;Dendermonde;Provincie Oost-Vlaanderen;Vlaams Gewest
43002;9960;Assenede;Resoc Meetjesland;Eeklo;Provincie Oost-Vlaanderen;Vlaams Gewest
43002;9961;Assenede;Resoc Meetjesland;Eeklo;Provincie Oost-Vlaanderen;Vlaams Gewest
43002;9968;Assenede;Resoc Meetjesland;Eeklo;Provincie Oost-Vlaanderen;Vlaams Gewest
43005;9900;Eeklo;Resoc Meetjesland;Eeklo;Provincie Oost-Vlaanderen;Vlaams Gewest
43007;9970;Kaprijke;Resoc Meetjesland;Eeklo;Provincie Oost-Vlaanderen;Vlaams Gewest
43007;9971;Kaprijke;Resoc Meetjesland;Eeklo;Provincie Oost-Vlaanderen;Vlaams Gewest
43010;9990;Maldegem;Resoc Meetjesland;Eeklo;Provincie Oost-Vlaanderen;Vlaams Gewest
43010;9991;Maldegem;Resoc Meetjesland;Eeklo;Provincie Oost-Vlaanderen;Vlaams Gewest
43010;9992;Maldegem;Resoc Meetjesland;Eeklo;Provincie Oost-Vlaanderen;Vlaams Gewest
43014;9980;Sint-Laureins;Resoc Meetjesland;Eeklo;Provincie Oost-Vlaanderen;Vlaams Gewest
43014;9981;Sint-Laureins;Resoc Meetjesland;Eeklo;Provincie Oost-Vlaanderen;Vlaams Gewest
43014;9982;Sint-Laureins;Resoc Meetjesland;Eeklo;Provincie Oost-Vlaanderen;Vlaams Gewest
43014;9988;Sint-Laureins;Resoc Meetjesland;Eeklo;Provincie Oost-Vlaanderen;Vlaams Gewest
43018;9060;Zelzate;Resoc Gent;Eeklo;Provincie Oost-Vlaanderen;Vlaams Gewest
44001;9880;Aalter;Resoc Meetjesland;Gent;Provincie Oost-Vlaanderen;Vlaams Gewest
44001;9881;Aalter;Resoc Meetjesland;Gent;Provincie Oost-Vlaanderen;Vlaams Gewest
44011;9800;Deinze;Resoc Meetjesland;Gent;Provincie Oost-Vlaanderen;Vlaams Gewest
44012;9840;De Pinte;Resoc Meetjesland;Gent;Provincie Oost-Vlaanderen;Vlaams Gewest
44013;9070;Destelbergen;Resoc Gent;Gent;Provincie Oost-Vlaanderen;Vlaams Gewest
44019;9940;Evergem;Resoc Gent;Gent;Provincie Oost-Vlaanderen;Vlaams Gewest
44020;9890;Gavere;Resoc Meetjesland;Gent;Provincie Oost-Vlaanderen;Vlaams Gewest
44021;9000;Gent;Resoc Gent;Gent;Provincie Oost-Vlaanderen;Vlaams Gewest
44021;9030;Gent;Resoc Gent;Gent;Provincie Oost-Vlaanderen;Vlaams Gewest
44021;9031;Gent;Resoc Gent;Gent;Provincie Oost-Vlaanderen;Vlaams Gewest
44021;9032;Gent;Resoc Gent;Gent;Provincie Oost-Vlaanderen;Vlaams Gewest
44021;9040;Gent;Resoc Gent;Gent;Provincie Oost-Vlaanderen;Vlaams Gewest
44021;9041;Gent;Resoc Gent;Gent;Provincie Oost-Vlaanderen;Vlaams Gewest
44021;9042;Gent;Resoc Gent;Gent;Provincie Oost-Vlaanderen;Vlaams Gewest
44021;9050;Gent;Resoc Gent;Gent;Provincie Oost-Vlaanderen;Vlaams Gewest
44021;9051;Gent;Resoc Gent;Gent;Provincie Oost-Vlaanderen;Vlaams Gewest
44021;9052;Gent;Resoc Gent;Gent;Provincie Oost-Vlaanderen;Vlaams Gewest
44029;9910;Knesselare;Resoc Meetjesland;Gent;Provincie Oost-Vlaanderen;Vlaams Gewest
44034;9080;Lochristi;Resoc Gent;Gent;Provincie Oost-Vlaanderen;Vlaams Gewest
44036;9920;Lovendegem;Resoc Meetjesland;Gent;Provincie Oost-Vlaanderen;Vlaams Gewest
44036;9921;Lovendegem;Resoc Meetjesland;Gent;Provincie Oost-Vlaanderen;Vlaams Gewest
44040;9090;Melle;Resoc Gent;Gent;Provincie Oost-Vlaanderen;Vlaams Gewest
44043;9820;Merelbeke;Resoc Gent;Gent;Provincie Oost-Vlaanderen;Vlaams Gewest
44045;9180;Moerbeke-Waas;Resoc Gent;Gent;Provincie Oost-Vlaanderen;Vlaams Gewest
44048;9810;Nazareth;Resoc Meetjesland;Gent;Provincie Oost-Vlaanderen;Vlaams Gewest
44049;9850;Nevele;Resoc Meetjesland;Gent;Provincie Oost-Vlaanderen;Vlaams Gewest
44052;9860;Oosterzele;Resoc Gent;Gent;Provincie Oost-Vlaanderen;Vlaams Gewest
44064;9830;Sint-Martens-Latem;Resoc Meetjesland;Gent;Provincie Oost-Vlaanderen;Vlaams Gewest
44064;9831;Sint-Martens-Latem;Resoc Meetjesland;Gent;Provincie Oost-Vlaanderen;Vlaams Gewest
44072;9950;Waarschoot;Resoc Meetjesland;Gent;Provincie Oost-Vlaanderen;Vlaams Gewest
44073;9185;Wachtebeke;Resoc Gent;Gent;Provincie Oost-Vlaanderen;Vlaams Gewest
44080;9930;Zomergem;Resoc Meetjesland;Gent;Provincie Oost-Vlaanderen;Vlaams Gewest
44080;9931;Zomergem;Resoc Meetjesland;Gent;Provincie Oost-Vlaanderen;Vlaams Gewest
44080;9932;Zomergem;Resoc Meetjesland;Gent;Provincie Oost-Vlaanderen;Vlaams Gewest
44081;9870;Zulte;Resoc Meetjesland;Gent;Provincie Oost-Vlaanderen;Vlaams Gewest
45017;9770;Kruishoutem;Resoc Zuid-Oost-Vlaanderen;Oudenaarde;Provincie Oost-Vlaanderen;Vlaams Gewest
45017;9771;Kruishoutem;Resoc Zuid-Oost-Vlaanderen;Oudenaarde;Provincie Oost-Vlaanderen;Vlaams Gewest
45017;9772;Kruishoutem;Resoc Zuid-Oost-Vlaanderen;Oudenaarde;Provincie Oost-Vlaanderen;Vlaams Gewest
45035;9700;Oudenaarde;Resoc Zuid-Oost-Vlaanderen;Oudenaarde;Provincie Oost-Vlaanderen;Vlaams Gewest
45041;9600;Ronse;Resoc Zuid-Oost-Vlaanderen;Oudenaarde;Provincie Oost-Vlaanderen;Vlaams Gewest
45057;9750;Zingem;Resoc Zuid-Oost-Vlaanderen;Oudenaarde;Provincie Oost-Vlaanderen;Vlaams Gewest
45059;9660;Brakel;Resoc Zuid-Oost-Vlaanderen;Oudenaarde;Provincie Oost-Vlaanderen;Vlaams Gewest
45059;9661;Brakel;Resoc Zuid-Oost-Vlaanderen;Oudenaarde;Provincie Oost-Vlaanderen;Vlaams Gewest
45060;9690;Kluisbergen;Resoc Zuid-Oost-Vlaanderen;Oudenaarde;Provincie Oost-Vlaanderen;Vlaams Gewest
45061;9790;Wortegem-Petegem;Resoc Zuid-Oost-Vlaanderen;Oudenaarde;Provincie Oost-Vlaanderen;Vlaams Gewest
45062;9667;Horebeke;Resoc Zuid-Oost-Vlaanderen;Oudenaarde;Provincie Oost-Vlaanderen;Vlaams Gewest
45063;9570;Lierde;Resoc Zuid-Oost-Vlaanderen;Oudenaarde;Provincie Oost-Vlaanderen;Vlaams Gewest
45063;9571;Lierde;Resoc Zuid-Oost-Vlaanderen;Oudenaarde;Provincie Oost-Vlaanderen;Vlaams Gewest
45063;9572;Lierde;Resoc Zuid-Oost-Vlaanderen;Oudenaarde;Provincie Oost-Vlaanderen;Vlaams Gewest
45064;9680;Maarkedal;Resoc Zuid-Oost-Vlaanderen;Oudenaarde;Provincie Oost-Vlaanderen;Vlaams Gewest
45064;9681;Maarkedal;Resoc Zuid-Oost-Vlaanderen;Oudenaarde;Provincie Oost-Vlaanderen;Vlaams Gewest
45064;9688;Maarkedal;Resoc Zuid-Oost-Vlaanderen;Oudenaarde;Provincie Oost-Vlaanderen;Vlaams Gewest
45065;9630;Zwalm;Resoc Zuid-Oost-Vlaanderen;Oudenaarde;Provincie Oost-Vlaanderen;Vlaams Gewest
45065;9636;Zwalm;Resoc Zuid-Oost-Vlaanderen;Oudenaarde;Provincie Oost-Vlaanderen;Vlaams Gewest
46003;9120;Beveren;Resoc Dender-Waas;Sint-Niklaas;Provincie Oost-Vlaanderen;Vlaams Gewest
46003;9130;Beveren;Resoc Dender-Waas;Sint-Niklaas;Provincie Oost-Vlaanderen;Vlaams Gewest
46013;9150;Kruibeke;Resoc Dender-Waas;Sint-Niklaas;Provincie Oost-Vlaanderen;Vlaams Gewest
46014;9160;Lokeren;Resoc Dender-Waas;Sint-Niklaas;Provincie Oost-Vlaanderen;Vlaams Gewest
46020;9170;Sint-Gillis-Waas;Resoc Dender-Waas;Sint-Niklaas;Provincie Oost-Vlaanderen;Vlaams Gewest
46021;9100;Sint-Niklaas (Prov. Oost-Vlaanderen);Resoc Dender-Waas;Sint-Niklaas;Provincie Oost-Vlaanderen;Vlaams Gewest
46021;9111;Sint-Niklaas (Prov. Oost-Vlaanderen);Resoc Dender-Waas;Sint-Niklaas;Provincie Oost-Vlaanderen;Vlaams Gewest
46021;9112;Sint-Niklaas (Prov. Oost-Vlaanderen);Resoc Dender-Waas;Sint-Niklaas;Provincie Oost-Vlaanderen;Vlaams Gewest
46024;9190;Stekene;Resoc Dender-Waas;Sint-Niklaas;Provincie Oost-Vlaanderen;Vlaams Gewest
46025;9140;Temse;Resoc Dender-Waas;Sint-Niklaas;Provincie Oost-Vlaanderen;Vlaams Gewest
51004;7800;Aat;Csef Tournai-Ath-Lessines;Aat;Provincie Henegouwen;Waals Gewest
51004;7801;Aat;Csef Tournai-Ath-Lessines;Aat;Provincie Henegouwen;Waals Gewest
51004;7802;Aat;Csef Tournai-Ath-Lessines;Aat;Provincie Henegouwen;Waals Gewest
51004;7803;Aat;Csef Tournai-Ath-Lessines;Aat;Provincie Henegouwen;Waals Gewest
51004;7804;Aat;Csef Tournai-Ath-Lessines;Aat;Provincie Henegouwen;Waals Gewest
51004;7810;Aat;Csef Tournai-Ath-Lessines;Aat;Provincie Henegouwen;Waals Gewest
51004;7811;Aat;Csef Tournai-Ath-Lessines;Aat;Provincie Henegouwen;Waals Gewest
51004;7812;Aat;Csef Tournai-Ath-Lessines;Aat;Provincie Henegouwen;Waals Gewest
51004;7822;Aat;Csef Tournai-Ath-Lessines;Aat;Provincie Henegouwen;Waals Gewest
51004;7823;Aat;Csef Tournai-Ath-Lessines;Aat;Provincie Henegouwen;Waals Gewest
51008;7970;Beloeil;Csef Tournai-Ath-Lessines;Aat;Provincie Henegouwen;Waals Gewest
51008;7971;Beloeil;Csef Tournai-Ath-Lessines;Aat;Provincie Henegouwen;Waals Gewest
51008;7972;Beloeil;Csef Tournai-Ath-Lessines;Aat;Provincie Henegouwen;Waals Gewest
51008;7973;Beloeil;Csef Tournai-Ath-Lessines;Aat;Provincie Henegouwen;Waals Gewest
51009;7320;Bernissart;Csef Tournai-Ath-Lessines;Aat;Provincie Henegouwen;Waals Gewest
51009;7321;Bernissart;Csef Tournai-Ath-Lessines;Aat;Provincie Henegouwen;Waals Gewest
51009;7322;Bernissart;Csef Tournai-Ath-Lessines;Aat;Provincie Henegouwen;Waals Gewest
51012;7940;Brugelette;Csef Tournai-Ath-Lessines;Aat;Provincie Henegouwen;Waals Gewest
51012;7941;Brugelette;Csef Tournai-Ath-Lessines;Aat;Provincie Henegouwen;Waals Gewest
51012;7942;Brugelette;Csef Tournai-Ath-Lessines;Aat;Provincie Henegouwen;Waals Gewest
51012;7943;Brugelette;Csef Tournai-Ath-Lessines;Aat;Provincie Henegouwen;Waals Gewest
51014;7950;Chièvres;Csef Tournai-Ath-Lessines;Aat;Provincie Henegouwen;Waals Gewest
51014;7951;Chièvres;Csef Tournai-Ath-Lessines;Aat;Provincie Henegouwen;Waals Gewest
51017;7890;Elzele;Csef Tournai-Ath-Lessines;Aat;Provincie Henegouwen;Waals Gewest
51019;7880;Vloesberg;Csef Tournai-Ath-Lessines;Aat;Provincie Henegouwen;Waals Gewest
51065;7910;Frasnes-Lez-Anvaing;Csef Tournai-Ath-Lessines;Aat;Provincie Henegouwen;Waals Gewest
51065;7911;Frasnes-Lez-Anvaing;Csef Tournai-Ath-Lessines;Aat;Provincie Henegouwen;Waals Gewest
51065;7912;Frasnes-Lez-Anvaing;Csef Tournai-Ath-Lessines;Aat;Provincie Henegouwen;Waals Gewest
52010;7160;Chapelle-Lez-Herlaimont;Csef Région Du Centre;Charleroi;Provincie Henegouwen;Waals Gewest
52011;6000;Charleroi;Csef Charleroi;Charleroi;Provincie Henegouwen;Waals Gewest
52011;6001;Charleroi;Csef Charleroi;Charleroi;Provincie Henegouwen;Waals Gewest
52011;6010;Charleroi;Csef Charleroi;Charleroi;Provincie Henegouwen;Waals Gewest
52011;6020;Charleroi;Csef Charleroi;Charleroi;Provincie Henegouwen;Waals Gewest
52011;6030;Charleroi;Csef Charleroi;Charleroi;Provincie Henegouwen;Waals Gewest
52011;6031;Charleroi;Csef Charleroi;Charleroi;Provincie Henegouwen;Waals Gewest
52011;6032;Charleroi;Csef Charleroi;Charleroi;Provincie Henegouwen;Waals Gewest
52011;6040;Charleroi;Csef Charleroi;Charleroi;Provincie Henegouwen;Waals Gewest
52011;6041;Charleroi;Csef Charleroi;Charleroi;Provincie Henegouwen;Waals Gewest
52011;6042;Charleroi;Csef Charleroi;Charleroi;Provincie Henegouwen;Waals Gewest
52011;6043;Charleroi;Csef Charleroi;Charleroi;Provincie Henegouwen;Waals Gewest
52011;6044;Charleroi;Csef Charleroi;Charleroi;Provincie Henegouwen;Waals Gewest
52011;6060;Charleroi;Csef Charleroi;Charleroi;Provincie Henegouwen;Waals Gewest
52011;6061;Charleroi;Csef Charleroi;Charleroi;Provincie Henegouwen;Waals Gewest
52012;6200;Chatelet;Csef Charleroi;Charleroi;Provincie Henegouwen;Waals Gewest
52015;6180;Courcelles;Csef Charleroi;Charleroi;Provincie Henegouwen;Waals Gewest
52015;6181;Courcelles;Csef Charleroi;Charleroi;Provincie Henegouwen;Waals Gewest
52015;6182;Courcelles;Csef Charleroi;Charleroi;Provincie Henegouwen;Waals Gewest
52015;6183;Courcelles;Csef Charleroi;Charleroi;Provincie Henegouwen;Waals Gewest
52018;6240;Farciennes;Csef Charleroi;Charleroi;Provincie Henegouwen;Waals Gewest
52021;6220;Fleurus;Csef Charleroi;Charleroi;Provincie Henegouwen;Waals Gewest
52021;6221;Fleurus;Csef Charleroi;Charleroi;Provincie Henegouwen;Waals Gewest
52021;6222;Fleurus;Csef Charleroi;Charleroi;Provincie Henegouwen;Waals Gewest
52021;6223;Fleurus;Csef Charleroi;Charleroi;Provincie Henegouwen;Waals Gewest
52021;6224;Fleurus;Csef Charleroi;Charleroi;Provincie Henegouwen;Waals Gewest
52022;6140;Fontaine-Leveque;Csef Charleroi;Charleroi;Provincie Henegouwen;Waals Gewest
52022;6141;Fontaine-Leveque;Csef Charleroi;Charleroi;Provincie Henegouwen;Waals Gewest
52022;6142;Fontaine-Leveque;Csef Charleroi;Charleroi;Provincie Henegouwen;Waals Gewest
52025;6280;Gerpinnes;Csef Charleroi;Charleroi;Provincie Henegouwen;Waals Gewest
52043;7170;Manage;Csef Région Du Centre;Charleroi;Provincie Henegouwen;Waals Gewest
52048;6110;Montigny-Le-Tilleul;Csef Charleroi;Charleroi;Provincie Henegouwen;Waals Gewest
52048;6111;Montigny-Le-Tilleul;Csef Charleroi;Charleroi;Provincie Henegouwen;Waals Gewest
52055;6230;Pont-A-Celles;Csef Charleroi;Charleroi;Provincie Henegouwen;Waals Gewest
52055;6238;Pont-A-Celles;Csef Charleroi;Charleroi;Provincie Henegouwen;Waals Gewest
52063;7180;Seneffe;Csef Région Du Centre;Charleroi;Provincie Henegouwen;Waals Gewest
52063;7181;Seneffe;Csef Région Du Centre;Charleroi;Provincie Henegouwen;Waals Gewest
52074;6250;Aiseau-Presles;Csef Charleroi;Charleroi;Provincie Henegouwen;Waals Gewest
52075;6210;Les Bons Villers;Csef Charleroi;Charleroi;Provincie Henegouwen;Waals Gewest
52075;6211;Les Bons Villers;Csef Charleroi;Charleroi;Provincie Henegouwen;Waals Gewest
53014;7300;Boussu;Csef Mons;Bergen;Provincie Henegouwen;Waals Gewest
53014;7301;Boussu;Csef Mons;Bergen;Provincie Henegouwen;Waals Gewest
53020;7370;Dour;Csef Mons;Bergen;Provincie Henegouwen;Waals Gewest
53028;7080;Frameries;Csef Mons;Bergen;Provincie Henegouwen;Waals Gewest
53039;7350;Hensies;Csef Mons;Bergen;Provincie Henegouwen;Waals Gewest
53044;7050;Jurbeke;Csef Mons;Bergen;Provincie Henegouwen;Waals Gewest
53046;7870;Lens;Csef Mons;Bergen;Provincie Henegouwen;Waals Gewest
53053;7000;Bergen;Csef Mons;Bergen;Provincie Henegouwen;Waals Gewest
53053;7011;Bergen;Csef Mons;Bergen;Provincie Henegouwen;Waals Gewest
53053;7012;Bergen;Csef Mons;Bergen;Provincie Henegouwen;Waals Gewest
53053;7020;Bergen;Csef Mons;Bergen;Provincie Henegouwen;Waals Gewest
53053;7021;Bergen;Csef Mons;Bergen;Provincie Henegouwen;Waals Gewest
53053;7022;Bergen;Csef Mons;Bergen;Provincie Henegouwen;Waals Gewest
53053;7024;Bergen;Csef Mons;Bergen;Provincie Henegouwen;Waals Gewest
53053;7030;Bergen;Csef Mons;Bergen;Provincie Henegouwen;Waals Gewest
53053;7031;Bergen;Csef Mons;Bergen;Provincie Henegouwen;Waals Gewest
53053;7032;Bergen;Csef Mons;Bergen;Provincie Henegouwen;Waals Gewest
53053;7033;Bergen;Csef Mons;Bergen;Provincie Henegouwen;Waals Gewest
53053;7034;Bergen;Csef Mons;Bergen;Provincie Henegouwen;Waals Gewest
53065;7390;Quaregnon;Csef Mons;Bergen;Provincie Henegouwen;Waals Gewest
53068;7380;Quiévrain;Csef Mons;Bergen;Provincie Henegouwen;Waals Gewest
53068;7382;Quiévrain;Csef Mons;Bergen;Provincie Henegouwen;Waals Gewest
53070;7330;Saint-Ghislain;Csef Mons;Bergen;Provincie Henegouwen;Waals Gewest
53070;7331;Saint-Ghislain;Csef Mons;Bergen;Provincie Henegouwen;Waals Gewest
53070;7332;Saint-Ghislain;Csef Mons;Bergen;Provincie Henegouwen;Waals Gewest
53070;7333;Saint-Ghislain;Csef Mons;Bergen;Provincie Henegouwen;Waals Gewest
53070;7334;Saint-Ghislain;Csef Mons;Bergen;Provincie Henegouwen;Waals Gewest
53082;7340;Colfontaine;Csef Mons;Bergen;Provincie Henegouwen;Waals Gewest
53083;7387;Honnelles;Csef Mons;Bergen;Provincie Henegouwen;Waals Gewest
53084;7040;Quévy;Csef Mons;Bergen;Provincie Henegouwen;Waals Gewest
53084;7041;Quévy;Csef Mons;Bergen;Provincie Henegouwen;Waals Gewest
54007;7700;Moeskroen;Csef Mouscron-Comines;Moeskroen;Provincie Henegouwen;Waals Gewest
54007;7711;Moeskroen;Csef Mouscron-Comines;Moeskroen;Provincie Henegouwen;Waals Gewest
54007;7712;Moeskroen;Csef Mouscron-Comines;Moeskroen;Provincie Henegouwen;Waals Gewest
54010;7780;Komen;Csef Mouscron-Comines;Moeskroen;Provincie Henegouwen;Waals Gewest
54010;7781;Komen;Csef Mouscron-Comines;Moeskroen;Provincie Henegouwen;Waals Gewest
54010;7782;Komen;Csef Mouscron-Comines;Moeskroen;Provincie Henegouwen;Waals Gewest
54010;7783;Komen;Csef Mouscron-Comines;Moeskroen;Provincie Henegouwen;Waals Gewest
54010;7784;Komen;Csef Mouscron-Comines;Moeskroen;Provincie Henegouwen;Waals Gewest
55004;7090;Sgravenbrakel;Csef Région Du Centre;Zinnik;Provincie Henegouwen;Waals Gewest
55010;7850;Edingen;Csef Région Du Centre;Zinnik;Provincie Henegouwen;Waals Gewest
55022;7100;La Louvière;Csef Région Du Centre;Zinnik;Provincie Henegouwen;Waals Gewest
55022;7110;La Louvière;Csef Région Du Centre;Zinnik;Provincie Henegouwen;Waals Gewest
55023;7860;Lessen;Csef Tournai-Ath-Lessines;Zinnik;Provincie Henegouwen;Waals Gewest
55023;7861;Lessen;Csef Tournai-Ath-Lessines;Zinnik;Provincie Henegouwen;Waals Gewest
55023;7862;Lessen;Csef Tournai-Ath-Lessines;Zinnik;Provincie Henegouwen;Waals Gewest
55023;7863;Lessen;Csef Tournai-Ath-Lessines;Zinnik;Provincie Henegouwen;Waals Gewest
55023;7864;Lessen;Csef Tournai-Ath-Lessines;Zinnik;Provincie Henegouwen;Waals Gewest
55023;7866;Lessen;Csef Tournai-Ath-Lessines;Zinnik;Provincie Henegouwen;Waals Gewest
55035;7070;Le Roeulx;Csef Région Du Centre;Zinnik;Provincie Henegouwen;Waals Gewest
55039;7830;Opzullik;Csef Région Du Centre;Zinnik;Provincie Henegouwen;Waals Gewest
55040;7060;Zinnik;Csef Région Du Centre;Zinnik;Provincie Henegouwen;Waals Gewest
55040;7061;Zinnik;Csef Région Du Centre;Zinnik;Provincie Henegouwen;Waals Gewest
55040;7062;Zinnik;Csef Région Du Centre;Zinnik;Provincie Henegouwen;Waals Gewest
55040;7063;Zinnik;Csef Région Du Centre;Zinnik;Provincie Henegouwen;Waals Gewest
55050;7190;Ecaussinnes;Csef Région Du Centre;Zinnik;Provincie Henegouwen;Waals Gewest
55050;7191;Ecaussinnes;Csef Région Du Centre;Zinnik;Provincie Henegouwen;Waals Gewest
56001;6150;Anderlues;Csef Région Du Centre;Thuin;Provincie Henegouwen;Waals Gewest
56005;6500;Beaumont;Csef Charleroi;Thuin;Provincie Henegouwen;Waals Gewest
56005;6511;Beaumont;Csef Charleroi;Thuin;Provincie Henegouwen;Waals Gewest
56011;7130;Binche;Csef Région Du Centre;Thuin;Provincie Henegouwen;Waals Gewest
56011;7131;Binche;Csef Région Du Centre;Thuin;Provincie Henegouwen;Waals Gewest
56011;7133;Binche;Csef Région Du Centre;Thuin;Provincie Henegouwen;Waals Gewest
56011;7134;Binche;Csef Région Du Centre;Thuin;Provincie Henegouwen;Waals Gewest
56016;6460;Chimay;Csef Charleroi;Thuin;Provincie Henegouwen;Waals Gewest
56016;6461;Chimay;Csef Charleroi;Thuin;Provincie Henegouwen;Waals Gewest
56016;6462;Chimay;Csef Charleroi;Thuin;Provincie Henegouwen;Waals Gewest
56016;6463;Chimay;Csef Charleroi;Thuin;Provincie Henegouwen;Waals Gewest
56016;6464;Chimay;Csef Charleroi;Thuin;Provincie Henegouwen;Waals Gewest
56022;6560;Erquelinnes;Csef Région Du Centre;Thuin;Provincie Henegouwen;Waals Gewest
56029;6440;Froidchapelle;Csef Charleroi;Thuin;Provincie Henegouwen;Waals Gewest
56029;6441;Froidchapelle;Csef Charleroi;Thuin;Provincie Henegouwen;Waals Gewest
56044;6540;Lobbes;Csef Charleroi;Thuin;Provincie Henegouwen;Waals Gewest
56044;6542;Lobbes;Csef Charleroi;Thuin;Provincie Henegouwen;Waals Gewest
56044;6543;Lobbes;Csef Charleroi;Thuin;Provincie Henegouwen;Waals Gewest
56049;6567;Merbes-Le-Chateau;Csef Région Du Centre;Thuin;Provincie Henegouwen;Waals Gewest
56051;6590;Momignies;Csef Charleroi;Thuin;Provincie Henegouwen;Waals Gewest
56051;6591;Momignies;Csef Charleroi;Thuin;Provincie Henegouwen;Waals Gewest
56051;6592;Momignies;Csef Charleroi;Thuin;Provincie Henegouwen;Waals Gewest
56051;6593;Momignies;Csef Charleroi;Thuin;Provincie Henegouwen;Waals Gewest
56051;6594;Momignies;Csef Charleroi;Thuin;Provincie Henegouwen;Waals Gewest
56051;6596;Momignies;Csef Charleroi;Thuin;Provincie Henegouwen;Waals Gewest
56078;6530;Thuin;Csef Charleroi;Thuin;Provincie Henegouwen;Waals Gewest
56078;6531;Thuin;Csef Charleroi;Thuin;Provincie Henegouwen;Waals Gewest
56078;6532;Thuin;Csef Charleroi;Thuin;Provincie Henegouwen;Waals Gewest
56078;6533;Thuin;Csef Charleroi;Thuin;Provincie Henegouwen;Waals Gewest
56078;6534;Thuin;Csef Charleroi;Thuin;Provincie Henegouwen;Waals Gewest
56078;6536;Thuin;Csef Charleroi;Thuin;Provincie Henegouwen;Waals Gewest
56085;7120;Estinnes;Csef Région Du Centre;Thuin;Provincie Henegouwen;Waals Gewest
56086;6120;Ham-Sur-Heure-Nalinnes;Csef Charleroi;Thuin;Provincie Henegouwen;Waals Gewest
56087;7140;Morlanwelz;Csef Région Du Centre;Thuin;Provincie Henegouwen;Waals Gewest
56087;7141;Morlanwelz;Csef Région Du Centre;Thuin;Provincie Henegouwen;Waals Gewest
56088;6470;Sivry-Rance;Csef Charleroi;Thuin;Provincie Henegouwen;Waals Gewest
57003;7640;Antoing;Csef Tournai-Ath-Lessines;Doornik;Provincie Henegouwen;Waals Gewest
57003;7641;Antoing;Csef Tournai-Ath-Lessines;Doornik;Provincie Henegouwen;Waals Gewest
57003;7642;Antoing;Csef Tournai-Ath-Lessines;Doornik;Provincie Henegouwen;Waals Gewest
57003;7643;Antoing;Csef Tournai-Ath-Lessines;Doornik;Provincie Henegouwen;Waals Gewest
57018;7760;Celles;Csef Tournai-Ath-Lessines;Doornik;Provincie Henegouwen;Waals Gewest
57027;7730;Estaimpuis;Csef Tournai-Ath-Lessines;Doornik;Provincie Henegouwen;Waals Gewest
57062;7740;Pecq;Csef Tournai-Ath-Lessines;Doornik;Provincie Henegouwen;Waals Gewest
57062;7742;Pecq;Csef Tournai-Ath-Lessines;Doornik;Provincie Henegouwen;Waals Gewest
57062;7743;Pecq;Csef Tournai-Ath-Lessines;Doornik;Provincie Henegouwen;Waals Gewest
57064;7600;Péruwelz;Csef Tournai-Ath-Lessines;Doornik;Provincie Henegouwen;Waals Gewest
57064;7601;Péruwelz;Csef Tournai-Ath-Lessines;Doornik;Provincie Henegouwen;Waals Gewest
57064;7602;Péruwelz;Csef Tournai-Ath-Lessines;Doornik;Provincie Henegouwen;Waals Gewest
57064;7603;Péruwelz;Csef Tournai-Ath-Lessines;Doornik;Provincie Henegouwen;Waals Gewest
57064;7604;Péruwelz;Csef Tournai-Ath-Lessines;Doornik;Provincie Henegouwen;Waals Gewest
57064;7608;Péruwelz;Csef Tournai-Ath-Lessines;Doornik;Provincie Henegouwen;Waals Gewest
57072;7610;Rumes;Csef Tournai-Ath-Lessines;Doornik;Provincie Henegouwen;Waals Gewest
57072;7611;Rumes;Csef Tournai-Ath-Lessines;Doornik;Provincie Henegouwen;Waals Gewest
57072;7618;Rumes;Csef Tournai-Ath-Lessines;Doornik;Provincie Henegouwen;Waals Gewest
57081;7500;Doornik;Csef Tournai-Ath-Lessines;Doornik;Provincie Henegouwen;Waals Gewest
57081;7501;Doornik;Csef Tournai-Ath-Lessines;Doornik;Provincie Henegouwen;Waals Gewest
57081;7502;Doornik;Csef Tournai-Ath-Lessines;Doornik;Provincie Henegouwen;Waals Gewest
57081;7503;Doornik;Csef Tournai-Ath-Lessines;Doornik;Provincie Henegouwen;Waals Gewest
57081;7504;Doornik;Csef Tournai-Ath-Lessines;Doornik;Provincie Henegouwen;Waals Gewest
57081;7506;Doornik;Csef Tournai-Ath-Lessines;Doornik;Provincie Henegouwen;Waals Gewest
57081;7520;Doornik;Csef Tournai-Ath-Lessines;Doornik;Provincie Henegouwen;Waals Gewest
57081;7521;Doornik;Csef Tournai-Ath-Lessines;Doornik;Provincie Henegouwen;Waals Gewest
57081;7522;Doornik;Csef Tournai-Ath-Lessines;Doornik;Provincie Henegouwen;Waals Gewest
57081;7530;Doornik;Csef Tournai-Ath-Lessines;Doornik;Provincie Henegouwen;Waals Gewest
57081;7531;Doornik;Csef Tournai-Ath-Lessines;Doornik;Provincie Henegouwen;Waals Gewest
57081;7532;Doornik;Csef Tournai-Ath-Lessines;Doornik;Provincie Henegouwen;Waals Gewest
57081;7533;Doornik;Csef Tournai-Ath-Lessines;Doornik;Provincie Henegouwen;Waals Gewest
57081;7534;Doornik;Csef Tournai-Ath-Lessines;Doornik;Provincie Henegouwen;Waals Gewest
57081;7536;Doornik;Csef Tournai-Ath-Lessines;Doornik;Provincie Henegouwen;Waals Gewest
57081;7538;Doornik;Csef Tournai-Ath-Lessines;Doornik;Provincie Henegouwen;Waals Gewest
57081;7540;Doornik;Csef Tournai-Ath-Lessines;Doornik;Provincie Henegouwen;Waals Gewest
57081;7542;Doornik;Csef Tournai-Ath-Lessines;Doornik;Provincie Henegouwen;Waals Gewest
57081;7543;Doornik;Csef Tournai-Ath-Lessines;Doornik;Provincie Henegouwen;Waals Gewest
57081;7548;Doornik;Csef Tournai-Ath-Lessines;Doornik;Provincie Henegouwen;Waals Gewest
57093;7620;Brunehaut;Csef Tournai-Ath-Lessines;Doornik;Provincie Henegouwen;Waals Gewest
57093;7621;Brunehaut;Csef Tournai-Ath-Lessines;Doornik;Provincie Henegouwen;Waals Gewest
57093;7622;Brunehaut;Csef Tournai-Ath-Lessines;Doornik;Provincie Henegouwen;Waals Gewest
57093;7623;Brunehaut;Csef Tournai-Ath-Lessines;Doornik;Provincie Henegouwen;Waals Gewest
57093;7624;Brunehaut;Csef Tournai-Ath-Lessines;Doornik;Provincie Henegouwen;Waals Gewest
57094;7900;Leuze-En-Hainaut;Csef Tournai-Ath-Lessines;Doornik;Provincie Henegouwen;Waals Gewest
57094;7901;Leuze-En-Hainaut;Csef Tournai-Ath-Lessines;Doornik;Provincie Henegouwen;Waals Gewest
57094;7903;Leuze-En-Hainaut;Csef Tournai-Ath-Lessines;Doornik;Provincie Henegouwen;Waals Gewest
57094;7904;Leuze-En-Hainaut;Csef Tournai-Ath-Lessines;Doornik;Provincie Henegouwen;Waals Gewest
57094;7906;Leuze-En-Hainaut;Csef Tournai-Ath-Lessines;Doornik;Provincie Henegouwen;Waals Gewest
57095;7750;Mont-De-Lenclus;Csef Tournai-Ath-Lessines;Doornik;Provincie Henegouwen;Waals Gewest
61003;4540;Amay;Csef Huy-Waremme;Hoei;Provincie Luik;Waals Gewest
61010;4210;Burdinne;Csef Huy-Waremme;Hoei;Provincie Luik;Waals Gewest
61012;4560;Clavier;Csef Huy-Waremme;Hoei;Provincie Luik;Waals Gewest
61019;4190;Ferrières;Csef Liège;Hoei;Provincie Luik;Waals Gewest
61024;4180;Hamoir;Csef Liège;Hoei;Provincie Luik;Waals Gewest
61024;4181;Hamoir;Csef Liège;Hoei;Provincie Luik;Waals Gewest
61028;4217;Héron;Csef Huy-Waremme;Hoei;Provincie Luik;Waals Gewest
61028;4218;Héron;Csef Huy-Waremme;Hoei;Provincie Luik;Waals Gewest
61031;4500;Hoei;Csef Huy-Waremme;Hoei;Provincie Luik;Waals Gewest
61039;4570;Marchin;Csef Huy-Waremme;Hoei;Provincie Luik;Waals Gewest
61041;4577;Modave;Csef Huy-Waremme;Hoei;Provincie Luik;Waals Gewest
61043;4550;Nandrin;Csef Huy-Waremme;Hoei;Provincie Luik;Waals Gewest
61048;4590;Ouffet;Csef Huy-Waremme;Hoei;Provincie Luik;Waals Gewest
61063;4537;Verlaine;Csef Huy-Waremme;Hoei;Provincie Luik;Waals Gewest
61068;4530;Villers-Le-Bouillet;Csef Huy-Waremme;Hoei;Provincie Luik;Waals Gewest
61072;4520;Wanze;Csef Huy-Waremme;Hoei;Provincie Luik;Waals Gewest
61079;4160;Anthisnes;Csef Huy-Waremme;Hoei;Provincie Luik;Waals Gewest
61079;4161;Anthisnes;Csef Huy-Waremme;Hoei;Provincie Luik;Waals Gewest
61079;4162;Anthisnes;Csef Huy-Waremme;Hoei;Provincie Luik;Waals Gewest
61079;4163;Anthisnes;Csef Huy-Waremme;Hoei;Provincie Luik;Waals Gewest
61080;4480;Engis;Csef Huy-Waremme;Hoei;Provincie Luik;Waals Gewest
61081;4557;Tinlot;Csef Huy-Waremme;Hoei;Provincie Luik;Waals Gewest
62003;4430;Ans;Csef Liège;Luik;Provincie Luik;Waals Gewest
62003;4431;Ans;Csef Liège;Luik;Provincie Luik;Waals Gewest
62003;4432;Ans;Csef Liège;Luik;Provincie Luik;Waals Gewest
62006;4340;Awans;Csef Liège;Luik;Provincie Luik;Waals Gewest
62006;4342;Awans;Csef Liège;Luik;Provincie Luik;Waals Gewest
62009;4920;Aywaille;Csef Liège;Luik;Provincie Luik;Waals Gewest
62011;4690;Bitsingen;Csef Liège;Luik;Provincie Luik;Waals Gewest
62015;4610;Beyne-Heusay;Csef Liège;Luik;Provincie Luik;Waals Gewest
62022;4050;Chaudfontaine;Csef Liège;Luik;Provincie Luik;Waals Gewest
62022;4051;Chaudfontaine;Csef Liège;Luik;Provincie Luik;Waals Gewest
62022;4052;Chaudfontaine;Csef Liège;Luik;Provincie Luik;Waals Gewest
62022;4053;Chaudfontaine;Csef Liège;Luik;Provincie Luik;Waals Gewest
62026;4170;Comblain-Au-Pont;Csef Liège;Luik;Provincie Luik;Waals Gewest
62026;4171;Comblain-Au-Pont;Csef Liège;Luik;Provincie Luik;Waals Gewest
62027;4606;Dalhem;Csef Liège;Luik;Provincie Luik;Waals Gewest
62027;4607;Dalhem;Csef Liège;Luik;Provincie Luik;Waals Gewest
62027;4608;Dalhem;Csef Liège;Luik;Provincie Luik;Waals Gewest
62032;4130;Esneux;Csef Liège;Luik;Provincie Luik;Waals Gewest
62038;4620;Fléron;Csef Liège;Luik;Provincie Luik;Waals Gewest
62038;4621;Fléron;Csef Liège;Luik;Provincie Luik;Waals Gewest
62038;4623;Fléron;Csef Liège;Luik;Provincie Luik;Waals Gewest
62038;4624;Fléron;Csef Liège;Luik;Provincie Luik;Waals Gewest
62051;4040;Herstal;Csef Liège;Luik;Provincie Luik;Waals Gewest
62051;4041;Herstal;Csef Liège;Luik;Provincie Luik;Waals Gewest
62051;4042;Herstal;Csef Liège;Luik;Provincie Luik;Waals Gewest
62060;4450;Juprelle;Csef Liège;Luik;Provincie Luik;Waals Gewest
62060;4451;Juprelle;Csef Liège;Luik;Provincie Luik;Waals Gewest
62060;4452;Juprelle;Csef Liège;Luik;Provincie Luik;Waals Gewest
62060;4453;Juprelle;Csef Liège;Luik;Provincie Luik;Waals Gewest
62060;4458;Juprelle;Csef Liège;Luik;Provincie Luik;Waals Gewest
62063;4000;Luik;Csef Liège;Luik;Provincie Luik;Waals Gewest
62063;4020;Luik;Csef Liège;Luik;Provincie Luik;Waals Gewest
62063;4030;Luik;Csef Liège;Luik;Provincie Luik;Waals Gewest
62063;4031;Luik;Csef Liège;Luik;Provincie Luik;Waals Gewest
62063;4032;Luik;Csef Liège;Luik;Provincie Luik;Waals Gewest
62079;4680;Oupeye;Csef Liège;Luik;Provincie Luik;Waals Gewest
62079;4681;Oupeye;Csef Liège;Luik;Provincie Luik;Waals Gewest
62079;4682;Oupeye;Csef Liège;Luik;Provincie Luik;Waals Gewest
62079;4683;Oupeye;Csef Liège;Luik;Provincie Luik;Waals Gewest
62079;4684;Oupeye;Csef Liège;Luik;Provincie Luik;Waals Gewest
62093;4420;Sint-Niklaas (Prov. Luik);Csef Liège;Luik;Provincie Luik;Waals Gewest
62096;4100;Seraing;Csef Liège;Luik;Provincie Luik;Waals Gewest
62096;4101;Seraing;Csef Liège;Luik;Provincie Luik;Waals Gewest
62096;4102;Seraing;Csef Liège;Luik;Provincie Luik;Waals Gewest
62099;4630;Soumagne;Csef Liège;Luik;Provincie Luik;Waals Gewest
62099;4631;Soumagne;Csef Liège;Luik;Provincie Luik;Waals Gewest
62099;4632;Soumagne;Csef Liège;Luik;Provincie Luik;Waals Gewest
62099;4633;Soumagne;Csef Liège;Luik;Provincie Luik;Waals Gewest
62100;4140;Sprimont;Csef Liège;Luik;Provincie Luik;Waals Gewest
62100;4141;Sprimont;Csef Liège;Luik;Provincie Luik;Waals Gewest
62108;4600;Wezet;Csef Liège;Luik;Provincie Luik;Waals Gewest
62108;4601;Wezet;Csef Liège;Luik;Provincie Luik;Waals Gewest
62108;4602;Wezet;Csef Liège;Luik;Provincie Luik;Waals Gewest
62118;4460;Grace-Hollogne;Csef Liège;Luik;Provincie Luik;Waals Gewest
62119;4670;Blégny;Csef Liège;Luik;Provincie Luik;Waals Gewest
62119;4671;Blégny;Csef Liège;Luik;Provincie Luik;Waals Gewest
62119;4672;Blégny;Csef Liège;Luik;Provincie Luik;Waals Gewest
62120;4400;Flémalle;Csef Liège;Luik;Provincie Luik;Waals Gewest
62121;4120;Neupré;Csef Liège;Luik;Provincie Luik;Waals Gewest
62121;4121;Neupré;Csef Liège;Luik;Provincie Luik;Waals Gewest
62121;4122;Neupré;Csef Liège;Luik;Provincie Luik;Waals Gewest
62122;4870;Trooz;Csef Liège;Luik;Provincie Luik;Waals Gewest
63001;4770;Amel;Communauté Germanophone;Verviers;Provincie Luik;Waals Gewest
63001;4771;Amel;Communauté Germanophone;Verviers;Provincie Luik;Waals Gewest
63003;4880;Aubel;Csef Verviers;Verviers;Provincie Luik;Waals Gewest
63004;4837;Baelen;Csef Verviers;Verviers;Provincie Luik;Waals Gewest
63012;4760;Bullingen;Communauté Germanophone;Verviers;Provincie Luik;Waals Gewest
63012;4761;Bullingen;Communauté Germanophone;Verviers;Provincie Luik;Waals Gewest
63013;4750;Butgenbach;Communauté Germanophone;Verviers;Provincie Luik;Waals Gewest
63020;4820;Dison;Csef Verviers;Verviers;Provincie Luik;Waals Gewest
63020;4821;Dison;Csef Verviers;Verviers;Provincie Luik;Waals Gewest
63023;4700;Eupen;Communauté Germanophone;Verviers;Provincie Luik;Waals Gewest
63023;4701;Eupen;Communauté Germanophone;Verviers;Provincie Luik;Waals Gewest
63035;4650;Herve;Csef Verviers;Verviers;Provincie Luik;Waals Gewest
63035;4651;Herve;Csef Verviers;Verviers;Provincie Luik;Waals Gewest
63035;4652;Herve;Csef Verviers;Verviers;Provincie Luik;Waals Gewest
63035;4653;Herve;Csef Verviers;Verviers;Provincie Luik;Waals Gewest
63035;4654;Herve;Csef Verviers;Verviers;Provincie Luik;Waals Gewest
63038;4845;Jalhay;Csef Verviers;Verviers;Provincie Luik;Waals Gewest
63040;4720;Kelmis;Communauté Germanophone;Verviers;Provincie Luik;Waals Gewest
63040;4721;Kelmis;Communauté Germanophone;Verviers;Provincie Luik;Waals Gewest
63040;4728;Kelmis;Communauté Germanophone;Verviers;Provincie Luik;Waals Gewest
63045;4990;Lierneux;Csef Verviers;Verviers;Provincie Luik;Waals Gewest
63046;4830;Limburg;Csef Verviers;Verviers;Provincie Luik;Waals Gewest
63046;4831;Limburg;Csef Verviers;Verviers;Provincie Luik;Waals Gewest
63046;4834;Limburg;Csef Verviers;Verviers;Provincie Luik;Waals Gewest
63048;4710;Lontzen;Communauté Germanophone;Verviers;Provincie Luik;Waals Gewest
63048;4711;Lontzen;Communauté Germanophone;Verviers;Provincie Luik;Waals Gewest
63049;4960;Malmedy;Csef Verviers;Verviers;Provincie Luik;Waals Gewest
63057;4877;Olne;Csef Verviers;Verviers;Provincie Luik;Waals Gewest
63058;4860;Pepinster;Csef Verviers;Verviers;Provincie Luik;Waals Gewest
63058;4861;Pepinster;Csef Verviers;Verviers;Provincie Luik;Waals Gewest
63061;4730;Raeren;Communauté Germanophone;Verviers;Provincie Luik;Waals Gewest
63061;4731;Raeren;Communauté Germanophone;Verviers;Provincie Luik;Waals Gewest
63067;4780;Sankt-Vith;Communauté Germanophone;Verviers;Provincie Luik;Waals Gewest
63067;4782;Sankt-Vith;Communauté Germanophone;Verviers;Provincie Luik;Waals Gewest
63067;4783;Sankt-Vith;Communauté Germanophone;Verviers;Provincie Luik;Waals Gewest
63067;4784;Sankt-Vith;Communauté Germanophone;Verviers;Provincie Luik;Waals Gewest
63072;4900;Spa;Csef Verviers;Verviers;Provincie Luik;Waals Gewest
63073;4970;Stavelot;Csef Verviers;Verviers;Provincie Luik;Waals Gewest
63075;4987;Stoumont;Csef Verviers;Verviers;Provincie Luik;Waals Gewest
63076;4910;Theux;Csef Verviers;Verviers;Provincie Luik;Waals Gewest
63079;4800;Verviers;Csef Verviers;Verviers;Provincie Luik;Waals Gewest
63079;4801;Verviers;Csef Verviers;Verviers;Provincie Luik;Waals Gewest
63079;4802;Verviers;Csef Verviers;Verviers;Provincie Luik;Waals Gewest
63080;4950;Weismes;Csef Verviers;Verviers;Provincie Luik;Waals Gewest
63084;4840;Welkenraedt;Csef Verviers;Verviers;Provincie Luik;Waals Gewest
63084;4841;Welkenraedt;Csef Verviers;Verviers;Provincie Luik;Waals Gewest
63086;4980;Trois-Ponts;Csef Verviers;Verviers;Provincie Luik;Waals Gewest
63086;4983;Trois-Ponts;Csef Verviers;Verviers;Provincie Luik;Waals Gewest
63087;4790;Burg-Reuland;Communauté Germanophone;Verviers;Provincie Luik;Waals Gewest
63087;4791;Burg-Reuland;Communauté Germanophone;Verviers;Provincie Luik;Waals Gewest
63088;4850;Plombières;Csef Verviers;Verviers;Provincie Luik;Waals Gewest
63088;4851;Plombières;Csef Verviers;Verviers;Provincie Luik;Waals Gewest
63088;4852;Plombières;Csef Verviers;Verviers;Provincie Luik;Waals Gewest
63089;4890;Thimister-Clermont;Csef Verviers;Verviers;Provincie Luik;Waals Gewest
64008;4257;Berloz;Csef Huy-Waremme;Borgworm;Provincie Luik;Waals Gewest
64015;4260;Braives;Csef Huy-Waremme;Borgworm;Provincie Luik;Waals Gewest
64015;4261;Braives;Csef Huy-Waremme;Borgworm;Provincie Luik;Waals Gewest
64015;4263;Braives;Csef Huy-Waremme;Borgworm;Provincie Luik;Waals Gewest
64021;4367;Crisnée;Csef Huy-Waremme;Borgworm;Provincie Luik;Waals Gewest
64023;4357;Donceel;Csef Huy-Waremme;Borgworm;Provincie Luik;Waals Gewest
64025;4347;Fexhe-Le-Haut-Clocher;Csef Huy-Waremme;Borgworm;Provincie Luik;Waals Gewest
64029;4250;Geer;Csef Huy-Waremme;Borgworm;Provincie Luik;Waals Gewest
64029;4252;Geer;Csef Huy-Waremme;Borgworm;Provincie Luik;Waals Gewest
64029;4253;Geer;Csef Huy-Waremme;Borgworm;Provincie Luik;Waals Gewest
64029;4254;Geer;Csef Huy-Waremme;Borgworm;Provincie Luik;Waals Gewest
64034;4280;Hannuit;Csef Huy-Waremme;Borgworm;Provincie Luik;Waals Gewest
64047;4287;Lijsem;Csef Huy-Waremme;Borgworm;Provincie Luik;Waals Gewest
64056;4360;Oerle;Csef Huy-Waremme;Borgworm;Provincie Luik;Waals Gewest
64063;4350;Remicourt;Csef Huy-Waremme;Borgworm;Provincie Luik;Waals Gewest
64063;4351;Remicourt;Csef Huy-Waremme;Borgworm;Provincie Luik;Waals Gewest
64065;4470;Saint-Georges-Sur-Meuse;Csef Liège;Borgworm;Provincie Luik;Waals Gewest
64074;4300;Borgworm;Csef Huy-Waremme;Borgworm;Provincie Luik;Waals Gewest
64075;4219;Wasseiges;Csef Huy-Waremme;Borgworm;Provincie Luik;Waals Gewest
64076;4317;Faimes;Csef Huy-Waremme;Borgworm;Provincie Luik;Waals Gewest
71002;3665;As;Streek Midden-Limburg;Hasselt;Provincie Limburg;Vlaams Gewest
71004;3580;Beringen;Streek West-Limburg;Hasselt;Provincie Limburg;Vlaams Gewest
71004;3581;Beringen;Streek West-Limburg;Hasselt;Provincie Limburg;Vlaams Gewest
71004;3582;Beringen;Streek West-Limburg;Hasselt;Provincie Limburg;Vlaams Gewest
71004;3583;Beringen;Streek West-Limburg;Hasselt;Provincie Limburg;Vlaams Gewest
71011;3590;Diepenbeek;Streek Midden-Limburg;Hasselt;Provincie Limburg;Vlaams Gewest
71016;3600;Genk;Streek Midden-Limburg;Hasselt;Provincie Limburg;Vlaams Gewest
71017;3890;Gingelom;Streek Zuid-Limburg;Hasselt;Provincie Limburg;Vlaams Gewest
71017;3891;Gingelom;Streek Zuid-Limburg;Hasselt;Provincie Limburg;Vlaams Gewest
71020;3545;Halen;Streek West-Limburg;Hasselt;Provincie Limburg;Vlaams Gewest
71022;3500;Hasselt;Streek Midden-Limburg;Hasselt;Provincie Limburg;Vlaams Gewest
71022;3501;Hasselt;Streek Midden-Limburg;Hasselt;Provincie Limburg;Vlaams Gewest
71022;3510;Hasselt;Streek Midden-Limburg;Hasselt;Provincie Limburg;Vlaams Gewest
71022;3511;Hasselt;Streek Midden-Limburg;Hasselt;Provincie Limburg;Vlaams Gewest
71022;3512;Hasselt;Streek Midden-Limburg;Hasselt;Provincie Limburg;Vlaams Gewest
71024;3540;Herk-De-Stad;Streek West-Limburg;Hasselt;Provincie Limburg;Vlaams Gewest
71034;3970;Leopoldsburg;Streek West-Limburg;Hasselt;Provincie Limburg;Vlaams Gewest
71034;3971;Leopoldsburg;Streek West-Limburg;Hasselt;Provincie Limburg;Vlaams Gewest
71037;3560;Lummen;Streek West-Limburg;Hasselt;Provincie Limburg;Vlaams Gewest
71045;3850;Nieuwerkerken;Streek Zuid-Limburg;Hasselt;Provincie Limburg;Vlaams Gewest
71047;3660;Opglabbeek;Streek Midden-Limburg;Hasselt;Provincie Limburg;Vlaams Gewest
71053;3800;Sint-Truiden;Streek Zuid-Limburg;Hasselt;Provincie Limburg;Vlaams Gewest
71053;3803;Sint-Truiden;Streek Zuid-Limburg;Hasselt;Provincie Limburg;Vlaams Gewest
71053;3806;Sint-Truiden;Streek Zuid-Limburg;Hasselt;Provincie Limburg;Vlaams Gewest
71057;3980;Tessenderlo;Streek West-Limburg;Hasselt;Provincie Limburg;Vlaams Gewest
71066;3520;Zonhoven;Streek Midden-Limburg;Hasselt;Provincie Limburg;Vlaams Gewest
71067;3690;Zutendaal;Streek Midden-Limburg;Hasselt;Provincie Limburg;Vlaams Gewest
71069;3945;Ham;Streek West-Limburg;Hasselt;Provincie Limburg;Vlaams Gewest
71070;3550;Heusden-Zolder;Streek West-Limburg;Hasselt;Provincie Limburg;Vlaams Gewest
72003;3950;Bocholt;Streek Noord-Limburg;Maaseik;Provincie Limburg;Vlaams Gewest
72004;3960;Bree;Streek Noord-Limburg;Maaseik;Provincie Limburg;Vlaams Gewest
72018;3640;Kinrooi;Streek Maasland;Maaseik;Provincie Limburg;Vlaams Gewest
72020;3920;Lommel;Streek Noord-Limburg;Maaseik;Provincie Limburg;Vlaams Gewest
72021;3680;Maaseik;Streek Maasland;Maaseik;Provincie Limburg;Vlaams Gewest
72025;3910;Neerpelt;Streek Noord-Limburg;Maaseik;Provincie Limburg;Vlaams Gewest
72029;3900;Overpelt;Streek Noord-Limburg;Maaseik;Provincie Limburg;Vlaams Gewest
72030;3990;Peer;Streek Noord-Limburg;Maaseik;Provincie Limburg;Vlaams Gewest
72037;3930;Hamont-Achel;Streek Noord-Limburg;Maaseik;Provincie Limburg;Vlaams Gewest
72038;3940;Hechtel-Eksel;Streek Noord-Limburg;Maaseik;Provincie Limburg;Vlaams Gewest
72038;3941;Hechtel-Eksel;Streek Noord-Limburg;Maaseik;Provincie Limburg;Vlaams Gewest
72039;3530;Houthalen-Helchteren;Streek Midden-Limburg;Maaseik;Provincie Limburg;Vlaams Gewest
72040;3670;Meeuwen-Gruitrode;Streek Noord-Limburg;Maaseik;Provincie Limburg;Vlaams Gewest
72041;3650;Dilsen;Streek Maasland;Maaseik;Provincie Limburg;Vlaams Gewest
73001;3570;Alken;Streek Zuid-Limburg;Tongeren;Provincie Limburg;Vlaams Gewest
73006;3740;Bilzen;Streek Zuid-Limburg;Tongeren;Provincie Limburg;Vlaams Gewest
73006;3742;Bilzen;Streek Zuid-Limburg;Tongeren;Provincie Limburg;Vlaams Gewest
73006;3746;Bilzen;Streek Zuid-Limburg;Tongeren;Provincie Limburg;Vlaams Gewest
73009;3840;Borgloon;Streek Zuid-Limburg;Tongeren;Provincie Limburg;Vlaams Gewest
73022;3870;Heers;Streek Zuid-Limburg;Tongeren;Provincie Limburg;Vlaams Gewest
73028;3717;Herstappe;Streek Zuid-Limburg;Tongeren;Provincie Limburg;Vlaams Gewest
73032;3730;Hoeselt;Streek Zuid-Limburg;Tongeren;Provincie Limburg;Vlaams Gewest
73032;3732;Hoeselt;Streek Zuid-Limburg;Tongeren;Provincie Limburg;Vlaams Gewest
73040;3720;Kortessem;Streek Zuid-Limburg;Tongeren;Provincie Limburg;Vlaams Gewest
73040;3721;Kortessem;Streek Zuid-Limburg;Tongeren;Provincie Limburg;Vlaams Gewest
73040;3722;Kortessem;Streek Zuid-Limburg;Tongeren;Provincie Limburg;Vlaams Gewest
73040;3723;Kortessem;Streek Zuid-Limburg;Tongeren;Provincie Limburg;Vlaams Gewest
73040;3724;Kortessem;Streek Zuid-Limburg;Tongeren;Provincie Limburg;Vlaams Gewest
73042;3620;Lanaken;Streek Maasland;Tongeren;Provincie Limburg;Vlaams Gewest
73042;3621;Lanaken;Streek Maasland;Tongeren;Provincie Limburg;Vlaams Gewest
73066;3770;Riemst;Streek Zuid-Limburg;Tongeren;Provincie Limburg;Vlaams Gewest
73083;3700;Tongeren;Streek Zuid-Limburg;Tongeren;Provincie Limburg;Vlaams Gewest
73098;3830;Wellen;Streek Zuid-Limburg;Tongeren;Provincie Limburg;Vlaams Gewest
73098;3831;Wellen;Streek Zuid-Limburg;Tongeren;Provincie Limburg;Vlaams Gewest
73098;3832;Wellen;Streek Zuid-Limburg;Tongeren;Provincie Limburg;Vlaams Gewest
73107;3630;Maasmechelen;Streek Maasland;Tongeren;Provincie Limburg;Vlaams Gewest
73107;3631;Maasmechelen;Streek Maasland;Tongeren;Provincie Limburg;Vlaams Gewest
73109;3790;Voeren;Streek Zuid-Limburg;Tongeren;Provincie Limburg;Vlaams Gewest
73109;3791;Voeren;Streek Zuid-Limburg;Tongeren;Provincie Limburg;Vlaams Gewest
73109;3792;Voeren;Streek Zuid-Limburg;Tongeren;Provincie Limburg;Vlaams Gewest
73109;3793;Voeren;Streek Zuid-Limburg;Tongeren;Provincie Limburg;Vlaams Gewest
73109;3798;Voeren;Streek Zuid-Limburg;Tongeren;Provincie Limburg;Vlaams Gewest
81001;6700;Aarlen;Csef Luxembourg;Aarlen;Provincie Luxemburg;Waals Gewest
81003;6717;Attert;Csef Luxembourg;Aarlen;Provincie Luxemburg;Waals Gewest
81004;6790;Aubange;Csef Luxembourg;Aarlen;Provincie Luxemburg;Waals Gewest
81004;6791;Aubange;Csef Luxembourg;Aarlen;Provincie Luxemburg;Waals Gewest
81004;6792;Aubange;Csef Luxembourg;Aarlen;Provincie Luxemburg;Waals Gewest
81013;6630;Martelange;Csef Luxembourg;Aarlen;Provincie Luxemburg;Waals Gewest
81015;6780;Messancy;Csef Luxembourg;Aarlen;Provincie Luxemburg;Waals Gewest
81015;6781;Messancy;Csef Luxembourg;Aarlen;Provincie Luxemburg;Waals Gewest
81015;6782;Messancy;Csef Luxembourg;Aarlen;Provincie Luxemburg;Waals Gewest
82003;6600;Bastenaken;Csef Luxembourg;Bastenaken;Provincie Luxemburg;Waals Gewest
82005;6686;Bertogne;Csef Luxembourg;Bastenaken;Provincie Luxemburg;Waals Gewest
82005;6687;Bertogne;Csef Luxembourg;Bastenaken;Provincie Luxemburg;Waals Gewest
82005;6688;Bertogne;Csef Luxembourg;Bastenaken;Provincie Luxemburg;Waals Gewest
82009;6637;Fauvillers;Csef Luxembourg;Bastenaken;Provincie Luxemburg;Waals Gewest
82014;6660;Houffalize;Csef Luxembourg;Bastenaken;Provincie Luxemburg;Waals Gewest
82014;6661;Houffalize;Csef Luxembourg;Bastenaken;Provincie Luxemburg;Waals Gewest
82014;6662;Houffalize;Csef Luxembourg;Bastenaken;Provincie Luxemburg;Waals Gewest
82014;6663;Houffalize;Csef Luxembourg;Bastenaken;Provincie Luxemburg;Waals Gewest
82014;6666;Houffalize;Csef Luxembourg;Bastenaken;Provincie Luxemburg;Waals Gewest
82032;6690;Vielsalm;Csef Luxembourg;Bastenaken;Provincie Luxemburg;Waals Gewest
82032;6692;Vielsalm;Csef Luxembourg;Bastenaken;Provincie Luxemburg;Waals Gewest
82032;6698;Vielsalm;Csef Luxembourg;Bastenaken;Provincie Luxemburg;Waals Gewest
82036;6640;Vaux-Sur-Sure;Csef Luxembourg;Bastenaken;Provincie Luxemburg;Waals Gewest
82036;6642;Vaux-Sur-Sure;Csef Luxembourg;Bastenaken;Provincie Luxemburg;Waals Gewest
82037;6670;Gouvy;Csef Luxembourg;Bastenaken;Provincie Luxemburg;Waals Gewest
82037;6671;Gouvy;Csef Luxembourg;Bastenaken;Provincie Luxemburg;Waals Gewest
82037;6672;Gouvy;Csef Luxembourg;Bastenaken;Provincie Luxemburg;Waals Gewest
82037;6673;Gouvy;Csef Luxembourg;Bastenaken;Provincie Luxemburg;Waals Gewest
82037;6674;Gouvy;Csef Luxembourg;Bastenaken;Provincie Luxemburg;Waals Gewest
82038;6680;Sainte-Ode;Csef Luxembourg;Bastenaken;Provincie Luxemburg;Waals Gewest
82038;6681;Sainte-Ode;Csef Luxembourg;Bastenaken;Provincie Luxemburg;Waals Gewest
83012;6940;Durbuy;Csef Luxembourg;Marche-En-Famenne;Provincie Luxemburg;Waals Gewest
83012;6941;Durbuy;Csef Luxembourg;Marche-En-Famenne;Provincie Luxemburg;Waals Gewest
83013;6997;Erezée;Csef Luxembourg;Marche-En-Famenne;Provincie Luxemburg;Waals Gewest
83028;6990;Hotton;Csef Luxembourg;Marche-En-Famenne;Provincie Luxemburg;Waals Gewest
83031;6980;La Roche-En-Ardenne;Csef Luxembourg;Marche-En-Famenne;Provincie Luxemburg;Waals Gewest
83031;6982;La Roche-En-Ardenne;Csef Luxembourg;Marche-En-Famenne;Provincie Luxemburg;Waals Gewest
83031;6983;La Roche-En-Ardenne;Csef Luxembourg;Marche-En-Famenne;Provincie Luxemburg;Waals Gewest
83031;6984;La Roche-En-Ardenne;Csef Luxembourg;Marche-En-Famenne;Provincie Luxemburg;Waals Gewest
83031;6986;La Roche-En-Ardenne;Csef Luxembourg;Marche-En-Famenne;Provincie Luxemburg;Waals Gewest
83034;6900;Marche-En-Famenne;Csef Luxembourg;Marche-En-Famenne;Provincie Luxemburg;Waals Gewest
83040;6950;Nassogne;Csef Luxembourg;Marche-En-Famenne;Provincie Luxemburg;Waals Gewest
83040;6951;Nassogne;Csef Luxembourg;Marche-En-Famenne;Provincie Luxemburg;Waals Gewest
83040;6952;Nassogne;Csef Luxembourg;Marche-En-Famenne;Provincie Luxemburg;Waals Gewest
83040;6953;Nassogne;Csef Luxembourg;Marche-En-Famenne;Provincie Luxemburg;Waals Gewest
83044;6987;Rendeux;Csef Luxembourg;Marche-En-Famenne;Provincie Luxemburg;Waals Gewest
83049;6970;Tenneville;Csef Luxembourg;Marche-En-Famenne;Provincie Luxemburg;Waals Gewest
83049;6971;Tenneville;Csef Luxembourg;Marche-En-Famenne;Provincie Luxemburg;Waals Gewest
83049;6972;Tenneville;Csef Luxembourg;Marche-En-Famenne;Provincie Luxemburg;Waals Gewest
83055;6960;Manhay;Csef Luxembourg;Marche-En-Famenne;Provincie Luxemburg;Waals Gewest
84009;6880;Bertrix;Csef Luxembourg;Neufchâteau;Provincie Luxemburg;Waals Gewest
84010;6830;Bouillon;Csef Luxembourg;Neufchâteau;Provincie Luxemburg;Waals Gewest
84010;6831;Bouillon;Csef Luxembourg;Neufchâteau;Provincie Luxemburg;Waals Gewest
84010;6832;Bouillon;Csef Luxembourg;Neufchâteau;Provincie Luxemburg;Waals Gewest
84010;6833;Bouillon;Csef Luxembourg;Neufchâteau;Provincie Luxemburg;Waals Gewest
84010;6834;Bouillon;Csef Luxembourg;Neufchâteau;Provincie Luxemburg;Waals Gewest
84010;6836;Bouillon;Csef Luxembourg;Neufchâteau;Provincie Luxemburg;Waals Gewest
84010;6838;Bouillon;Csef Luxembourg;Neufchâteau;Provincie Luxemburg;Waals Gewest
84016;6929;Daverdisse;Csef Luxembourg;Neufchâteau;Provincie Luxemburg;Waals Gewest
84029;6887;Herbeumont;Csef Luxembourg;Neufchâteau;Provincie Luxemburg;Waals Gewest
84033;6860;Léglise;Csef Luxembourg;Neufchâteau;Provincie Luxemburg;Waals Gewest
84035;6890;Libin;Csef Luxembourg;Neufchâteau;Provincie Luxemburg;Waals Gewest
84043;6840;Neufchateau;Csef Luxembourg;Neufchâteau;Provincie Luxemburg;Waals Gewest
84050;6850;Paliseul;Csef Luxembourg;Neufchâteau;Provincie Luxemburg;Waals Gewest
84050;6851;Paliseul;Csef Luxembourg;Neufchâteau;Provincie Luxemburg;Waals Gewest
84050;6852;Paliseul;Csef Luxembourg;Neufchâteau;Provincie Luxemburg;Waals Gewest
84050;6853;Paliseul;Csef Luxembourg;Neufchâteau;Provincie Luxemburg;Waals Gewest
84050;6856;Paliseul;Csef Luxembourg;Neufchâteau;Provincie Luxemburg;Waals Gewest
84059;6870;Saint-Hubert;Csef Luxembourg;Neufchâteau;Provincie Luxemburg;Waals Gewest
84068;6927;Tellin;Csef Luxembourg;Neufchâteau;Provincie Luxemburg;Waals Gewest
84075;6920;Wellin;Csef Luxembourg;Neufchâteau;Provincie Luxemburg;Waals Gewest
84075;6921;Wellin;Csef Luxembourg;Neufchâteau;Provincie Luxemburg;Waals Gewest
84075;6922;Wellin;Csef Luxembourg;Neufchâteau;Provincie Luxemburg;Waals Gewest
84075;6924;Wellin;Csef Luxembourg;Neufchâteau;Provincie Luxemburg;Waals Gewest
84077;6800;Libramont-Chevigny;Csef Luxembourg;Neufchâteau;Provincie Luxemburg;Waals Gewest
85007;6810;Chiny;Csef Luxembourg;Virton;Provincie Luxemburg;Waals Gewest
85007;6811;Chiny;Csef Luxembourg;Virton;Provincie Luxemburg;Waals Gewest
85007;6812;Chiny;Csef Luxembourg;Virton;Provincie Luxemburg;Waals Gewest
85007;6813;Chiny;Csef Luxembourg;Virton;Provincie Luxemburg;Waals Gewest
85009;6740;Etalle;Csef Luxembourg;Virton;Provincie Luxemburg;Waals Gewest
85009;6741;Etalle;Csef Luxembourg;Virton;Provincie Luxemburg;Waals Gewest
85009;6742;Etalle;Csef Luxembourg;Virton;Provincie Luxemburg;Waals Gewest
85009;6743;Etalle;Csef Luxembourg;Virton;Provincie Luxemburg;Waals Gewest
85011;6820;Florenville;Csef Luxembourg;Virton;Provincie Luxemburg;Waals Gewest
85011;6821;Florenville;Csef Luxembourg;Virton;Provincie Luxemburg;Waals Gewest
85011;6823;Florenville;Csef Luxembourg;Virton;Provincie Luxemburg;Waals Gewest
85011;6824;Florenville;Csef Luxembourg;Virton;Provincie Luxemburg;Waals Gewest
85024;6769;Meix-Devant-Virton;Csef Luxembourg;Virton;Provincie Luxemburg;Waals Gewest
85026;6750;Musson;Csef Luxembourg;Virton;Provincie Luxemburg;Waals Gewest
85034;6747;Saint-Léger;Csef Luxembourg;Virton;Provincie Luxemburg;Waals Gewest
85039;6730;Tintigny;Csef Luxembourg;Virton;Provincie Luxemburg;Waals Gewest
85045;6760;Virton;Csef Luxembourg;Virton;Provincie Luxemburg;Waals Gewest
85045;6761;Virton;Csef Luxembourg;Virton;Provincie Luxemburg;Waals Gewest
85045;6762;Virton;Csef Luxembourg;Virton;Provincie Luxemburg;Waals Gewest
85046;6720;Habay;Csef Luxembourg;Virton;Provincie Luxemburg;Waals Gewest
85046;6721;Habay;Csef Luxembourg;Virton;Provincie Luxemburg;Waals Gewest
85046;6723;Habay;Csef Luxembourg;Virton;Provincie Luxemburg;Waals Gewest
85046;6724;Habay;Csef Luxembourg;Virton;Provincie Luxemburg;Waals Gewest
85047;6767;Rouvroy;Csef Luxembourg;Virton;Provincie Luxemburg;Waals Gewest
91005;5537;Anhée;Csef Namur-Dinant;Dinant;Provincie Namen;Waals Gewest
91013;5570;Beauraing;Csef Namur-Dinant;Dinant;Provincie Namen;Waals Gewest
91013;5571;Beauraing;Csef Namur-Dinant;Dinant;Provincie Namen;Waals Gewest
91013;5572;Beauraing;Csef Namur-Dinant;Dinant;Provincie Namen;Waals Gewest
91013;5573;Beauraing;Csef Namur-Dinant;Dinant;Provincie Namen;Waals Gewest
91013;5574;Beauraing;Csef Namur-Dinant;Dinant;Provincie Namen;Waals Gewest
91013;5576;Beauraing;Csef Namur-Dinant;Dinant;Provincie Namen;Waals Gewest
91015;5555;Bièvre;Csef Namur-Dinant;Dinant;Provincie Namen;Waals Gewest
91030;5590;Ciney;Csef Namur-Dinant;Dinant;Provincie Namen;Waals Gewest
91034;5500;Dinant;Csef Namur-Dinant;Dinant;Provincie Namen;Waals Gewest
91034;5501;Dinant;Csef Namur-Dinant;Dinant;Provincie Namen;Waals Gewest
91034;5502;Dinant;Csef Namur-Dinant;Dinant;Provincie Namen;Waals Gewest
91034;5503;Dinant;Csef Namur-Dinant;Dinant;Provincie Namen;Waals Gewest
91034;5504;Dinant;Csef Namur-Dinant;Dinant;Provincie Namen;Waals Gewest
91054;5575;Gedinne;Csef Namur-Dinant;Dinant;Provincie Namen;Waals Gewest
91059;5360;Hamois;Csef Namur-Dinant;Dinant;Provincie Namen;Waals Gewest
91059;5361;Hamois;Csef Namur-Dinant;Dinant;Provincie Namen;Waals Gewest
91059;5362;Hamois;Csef Namur-Dinant;Dinant;Provincie Namen;Waals Gewest
91059;5363;Hamois;Csef Namur-Dinant;Dinant;Provincie Namen;Waals Gewest
91059;5364;Hamois;Csef Namur-Dinant;Dinant;Provincie Namen;Waals Gewest
91064;5370;Havelange;Csef Namur-Dinant;Dinant;Provincie Namen;Waals Gewest
91064;5372;Havelange;Csef Namur-Dinant;Dinant;Provincie Namen;Waals Gewest
91064;5374;Havelange;Csef Namur-Dinant;Dinant;Provincie Namen;Waals Gewest
91064;5376;Havelange;Csef Namur-Dinant;Dinant;Provincie Namen;Waals Gewest
91072;5560;Houyet;Csef Namur-Dinant;Dinant;Provincie Namen;Waals Gewest
91072;5561;Houyet;Csef Namur-Dinant;Dinant;Provincie Namen;Waals Gewest
91072;5562;Houyet;Csef Namur-Dinant;Dinant;Provincie Namen;Waals Gewest
91072;5563;Houyet;Csef Namur-Dinant;Dinant;Provincie Namen;Waals Gewest
91072;5564;Houyet;Csef Namur-Dinant;Dinant;Provincie Namen;Waals Gewest
91103;5520;Onhaye;Csef Namur-Dinant;Dinant;Provincie Namen;Waals Gewest
91103;5521;Onhaye;Csef Namur-Dinant;Dinant;Provincie Namen;Waals Gewest
91103;5522;Onhaye;Csef Namur-Dinant;Dinant;Provincie Namen;Waals Gewest
91103;5523;Onhaye;Csef Namur-Dinant;Dinant;Provincie Namen;Waals Gewest
91103;5524;Onhaye;Csef Namur-Dinant;Dinant;Provincie Namen;Waals Gewest
91114;5580;Rochefort;Csef Namur-Dinant;Dinant;Provincie Namen;Waals Gewest
91120;5377;Somme-Leuze;Csef Namur-Dinant;Dinant;Provincie Namen;Waals Gewest
91141;5530;Yvoir;Csef Namur-Dinant;Dinant;Provincie Namen;Waals Gewest
91142;5540;Hastière;Csef Namur-Dinant;Dinant;Provincie Namen;Waals Gewest
91142;5541;Hastière;Csef Namur-Dinant;Dinant;Provincie Namen;Waals Gewest
91142;5542;Hastière;Csef Namur-Dinant;Dinant;Provincie Namen;Waals Gewest
91142;5543;Hastière;Csef Namur-Dinant;Dinant;Provincie Namen;Waals Gewest
91142;5544;Hastière;Csef Namur-Dinant;Dinant;Provincie Namen;Waals Gewest
91143;5550;Vresse-Sur-Semois;Csef Namur-Dinant;Dinant;Provincie Namen;Waals Gewest
92003;5300;Andenne;Csef Namur-Dinant;Namen;Provincie Namen;Waals Gewest
92006;5330;Assesse;Csef Namur-Dinant;Namen;Provincie Namen;Waals Gewest
92006;5332;Assesse;Csef Namur-Dinant;Namen;Provincie Namen;Waals Gewest
92006;5333;Assesse;Csef Namur-Dinant;Namen;Provincie Namen;Waals Gewest
92006;5334;Assesse;Csef Namur-Dinant;Namen;Provincie Namen;Waals Gewest
92006;5336;Assesse;Csef Namur-Dinant;Namen;Provincie Namen;Waals Gewest
92035;5310;Eghezée;Csef Namur-Dinant;Namen;Provincie Namen;Waals Gewest
92045;5150;Floreffe;Csef Namur-Dinant;Namen;Provincie Namen;Waals Gewest
92048;5070;Fosses-La-Ville;Csef Namur-Dinant;Namen;Provincie Namen;Waals Gewest
92054;5340;Gesves;Csef Namur-Dinant;Namen;Provincie Namen;Waals Gewest
92087;5640;Mettet;Csef Namur-Dinant;Namen;Provincie Namen;Waals Gewest
92087;5641;Mettet;Csef Namur-Dinant;Namen;Provincie Namen;Waals Gewest
92087;5644;Mettet;Csef Namur-Dinant;Namen;Provincie Namen;Waals Gewest
92087;5646;Mettet;Csef Namur-Dinant;Namen;Provincie Namen;Waals Gewest
92094;5000;Namen;Csef Namur-Dinant;Namen;Provincie Namen;Waals Gewest
92094;5001;Namen;Csef Namur-Dinant;Namen;Provincie Namen;Waals Gewest
92094;5002;Namen;Csef Namur-Dinant;Namen;Provincie Namen;Waals Gewest
92094;5003;Namen;Csef Namur-Dinant;Namen;Provincie Namen;Waals Gewest
92094;5004;Namen;Csef Namur-Dinant;Namen;Provincie Namen;Waals Gewest
92094;5020;Namen;Csef Namur-Dinant;Namen;Provincie Namen;Waals Gewest
92094;5021;Namen;Csef Namur-Dinant;Namen;Provincie Namen;Waals Gewest
92094;5022;Namen;Csef Namur-Dinant;Namen;Provincie Namen;Waals Gewest
92094;5024;Namen;Csef Namur-Dinant;Namen;Provincie Namen;Waals Gewest
92094;5100;Namen;Csef Namur-Dinant;Namen;Provincie Namen;Waals Gewest
92094;5101;Namen;Csef Namur-Dinant;Namen;Provincie Namen;Waals Gewest
92097;5350;Ohey;Csef Namur-Dinant;Namen;Provincie Namen;Waals Gewest
92097;5351;Ohey;Csef Namur-Dinant;Namen;Provincie Namen;Waals Gewest
92097;5352;Ohey;Csef Namur-Dinant;Namen;Provincie Namen;Waals Gewest
92097;5353;Ohey;Csef Namur-Dinant;Namen;Provincie Namen;Waals Gewest
92097;5354;Ohey;Csef Namur-Dinant;Namen;Provincie Namen;Waals Gewest
92101;5170;Profondeville;Csef Namur-Dinant;Namen;Provincie Namen;Waals Gewest
92114;5140;Sombreffe;Csef Namur-Dinant;Namen;Provincie Namen;Waals Gewest
92137;5060;Sambreville;Csef Namur-Dinant;Namen;Provincie Namen;Waals Gewest
92138;5380;Fernelmont;Csef Namur-Dinant;Namen;Provincie Namen;Waals Gewest
92140;5190;Jemeppe-Sur-Sambre;Csef Namur-Dinant;Namen;Provincie Namen;Waals Gewest
92141;5080;La Bruyère;Csef Namur-Dinant;Namen;Provincie Namen;Waals Gewest
92141;5081;La Bruyère;Csef Namur-Dinant;Namen;Provincie Namen;Waals Gewest
92142;5030;Gembloux;Csef Namur-Dinant;Namen;Provincie Namen;Waals Gewest
92142;5031;Gembloux;Csef Namur-Dinant;Namen;Provincie Namen;Waals Gewest
92142;5032;Gembloux;Csef Namur-Dinant;Namen;Provincie Namen;Waals Gewest
93010;5630;Cerfontaine;Csef Charleroi;Philippeville;Provincie Namen;Waals Gewest
93014;5660;Couvin;Csef Charleroi;Philippeville;Provincie Namen;Waals Gewest
93018;5680;Doische;Csef Charleroi;Philippeville;Provincie Namen;Waals Gewest
93022;5620;Florennes;Csef Charleroi;Philippeville;Provincie Namen;Waals Gewest
93056;5600;Philippeville;Csef Charleroi;Philippeville;Provincie Namen;Waals Gewest
93088;5650;Walcourt;Csef Charleroi;Philippeville;Provincie Namen;Waals Gewest
93088;5651;Walcourt;Csef Charleroi;Philippeville;Provincie Namen;Waals Gewest
93090;5670;Viroinval;Csef Charleroi;Philippeville;Provincie Namen;Waals Gewest
